Timestamp,Model,Threads,Context,MVA,NGL,Ubatch,Trial,Status,Duration_s,ErrorType,LoadTime_ms,PromptEvalTime_ms,PromptTokens,PromptTPS,EvalTime_ms,EvalTokens,EvalTPS,TotalTime_ms,RunType
2025-10-20 03:49:49,minitron-4b,16,1024,2000,3,1024,0,SUCCESS,11.04,NONE,2919.74,660.23,908,1375.27,5811.01,74,12.73,6499.39,OPT
2025-10-20 03:50:00,minitron-4b,16,1024,2000,3,1024,1,SUCCESS,11.04,NONE,2924.39,678.85,908,1337.55,5823.20,74,12.71,6530.48,OPT
2025-10-20 03:50:33,minitron-4b,16,1024,2000,3,2048,0,SUCCESS,11.04,NONE,2925.29,669.46,908,1356.33,5793.72,74,12.77,6491.58,OPT
2025-10-20 03:50:44,minitron-4b,16,1024,2000,3,2048,1,SUCCESS,11.02,NONE,2921.27,659.36,908,1377.10,5822.05,74,12.71,6510.03,OPT
2025-10-20 03:51:26,minitron-4b,16,4096,2000,3,1024,0,SUCCESS,14.03,NONE,2974.48,2726.65,4035,1479.84,6810.84,60,8.81,9576.75,OPT
2025-10-20 03:51:40,minitron-4b,16,4096,2000,3,1024,1,SUCCESS,14.05,NONE,2964.30,2694.05,4035,1497.75,6872.27,60,8.73,9606.27,OPT
2025-10-20 03:51:55,minitron-4b,16,4096,2000,0,2048,0,SUCCESS,13.04,NONE,2868.77,1594.88,4035,2529.97,7435.36,60,8.07,9069.42,OPT
2025-10-20 03:52:08,minitron-4b,16,4096,2000,0,2048,1,SUCCESS,13.03,NONE,2849.05,1619.44,4035,2491.60,7413.23,60,8.09,9071.76,OPT
2025-10-20 03:54:00,minitron-4b,16,16384,2000,2,1024,0,SUCCESS,53.13,NONE,3129.78,12038.39,16134,1340.21,35733.97,127,3.55,47880.41,OPT
2025-10-20 03:54:52,minitron-4b,16,16384,2000,2,1024,1,SUCCESS,52.12,NONE,3128.59,11855.76,16134,1360.86,35539.77,127,3.57,47500.55,OPT
2025-10-20 03:55:41,minitron-4b,16,16384,2000,0,2048,0,SUCCESS,49.14,NONE,3032.22,6552.15,16134,2462.40,37658.03,127,3.37,44315.44,OPT
2025-10-20 03:56:31,minitron-4b,16,16384,2000,0,2048,1,SUCCESS,50.14,NONE,3061.54,6999.59,16134,2304.99,37909.03,127,3.35,45015.45,OPT
2025-10-20 03:56:59,minitron-4b,16,1024,3000,7,1024,0,SUCCESS,10.02,NONE,3024.17,588.91,908,1541.83,5203.49,74,14.22,5821.17,OPT
2025-10-20 03:57:09,minitron-4b,16,1024,3000,7,1024,1,SUCCESS,10.02,NONE,3025.12,608.78,908,1491.50,5207.06,74,14.21,5844.26,OPT
2025-10-20 03:57:40,minitron-4b,16,1024,3000,7,2048,0,SUCCESS,10.02,NONE,3026.18,595.27,908,1525.36,5218.94,74,14.18,5842.85,OPT
2025-10-20 03:57:50,minitron-4b,16,1024,3000,7,2048,1,SUCCESS,10.02,NONE,3017.32,586.38,908,1548.48,5203.05,74,14.22,5817.95,OPT
2025-10-20 03:58:29,minitron-4b,16,4096,3000,7,1024,0,SUCCESS,13.03,NONE,3036.68,2308.84,4035,1747.63,6153.71,60,9.75,8501.99,OPT
2025-10-20 03:58:42,minitron-4b,16,4096,3000,7,1024,1,SUCCESS,13.03,NONE,3039.59,2300.69,4035,1753.82,6024.57,60,9.96,8364.77,OPT
2025-10-20 03:59:10,minitron-4b,16,4096,3000,5,2048,0,SUCCESS,12.02,NONE,3024.32,1432.32,4035,2817.11,6370.54,60,9.42,7842.40,OPT
2025-10-20 03:59:22,minitron-4b,16,4096,3000,5,2048,1,SUCCESS,12.03,NONE,3012.96,1382.06,4035,2919.56,6541.60,60,9.17,7963.58,OPT
2025-10-20 04:01:00,minitron-4b,16,16384,3000,6,1024,0,SUCCESS,47.11,NONE,3192.01,10678.44,16134,1510.90,31734.22,127,4.00,42519.44,OPT
2025-10-20 04:01:47,minitron-4b,16,16384,3000,6,1024,1,SUCCESS,47.08,NONE,3199.81,10601.27,16134,1521.89,31528.61,127,4.03,42240.47,OPT
2025-10-20 04:03:20,minitron-4b,16,16384,3000,4,2048,0,SUCCESS,44.14,NONE,3163.54,6194.28,16134,2604.66,33609.20,127,3.78,39907.46,OPT
2025-10-20 04:04:05,minitron-4b,16,16384,3000,4,2048,1,SUCCESS,45.11,NONE,3164.65,6315.69,16134,2554.59,33573.48,127,3.78,39993.81,OPT
2025-10-20 04:04:42,minitron-4b,16,1024,4000,12,1024,0,SUCCESS,10.02,NONE,3143.63,509.00,908,1783.90,4604.60,74,16.07,5142.28,OPT
2025-10-20 04:04:52,minitron-4b,16,1024,4000,12,1024,1,SUCCESS,10.02,NONE,3138.49,510.11,908,1780.02,4544.98,74,16.28,5083.64,OPT
2025-10-20 04:05:23,minitron-4b,16,1024,4000,12,2048,0,SUCCESS,10.02,NONE,3135.96,506.55,908,1792.50,4485.52,74,16.50,5020.62,OPT
2025-10-20 04:05:33,minitron-4b,16,1024,4000,12,2048,1,SUCCESS,10.02,NONE,3148.65,498.35,908,1822.02,4490.72,74,16.48,5018.31,OPT
2025-10-20 04:06:01,minitron-4b,16,4096,4000,11,1024,0,SUCCESS,12.02,NONE,3150.04,2085.07,4035,1935.19,5314.19,60,11.29,7438.46,OPT
2025-10-20 04:06:13,minitron-4b,16,4096,4000,11,1024,1,SUCCESS,12.03,NONE,3144.71,2038.21,4035,1979.68,5364.78,60,11.18,7442.34,OPT
2025-10-20 04:06:40,minitron-4b,16,4096,4000,9,2048,0,SUCCESS,12.03,NONE,3108.32,1221.29,4035,3303.90,5686.49,60,10.55,6947.41,OPT
2025-10-20 04:06:52,minitron-4b,16,4096,4000,9,2048,1,SUCCESS,12.02,NONE,3108.17,1196.93,4035,3371.11,5758.60,60,10.42,6995.12,OPT
2025-10-20 04:08:22,minitron-4b,16,16384,4000,9,1024,0,SUCCESS,43.06,NONE,3252.42,9762.89,16134,1652.58,28390.85,127,4.47,38260.38,OPT
2025-10-20 04:09:05,minitron-4b,16,16384,4000,9,1024,1,SUCCESS,43.06,NONE,3263.85,9790.01,16134,1648.01,28269.75,127,4.49,38165.28,OPT
2025-10-20 04:10:31,minitron-4b,16,16384,4000,7,2048,0,SUCCESS,41.06,NONE,3220.60,5729.34,16134,2816.03,30589.62,127,4.15,36425.75,OPT
2025-10-20 04:11:12,minitron-4b,16,16384,4000,7,2048,1,SUCCESS,41.06,NONE,3202.84,5853.72,16134,2756.20,30311.49,127,4.19,36271.77,OPT
2025-10-20 04:11:32,minitron-4b,16,1024,5000,17,1024,0,SUCCESS,9.01,NONE,3273.08,424.79,908,2137.53,3792.70,75,19.77,4246.22,OPT
2025-10-20 04:11:41,minitron-4b,16,1024,5000,17,1024,1,SUCCESS,9.02,NONE,3274.31,435.27,908,2086.05,3791.03,75,19.78,4255.33,OPT
2025-10-20 04:12:08,minitron-4b,16,1024,5000,17,2048,0,SUCCESS,9.01,NONE,3272.66,417.16,908,2176.64,3794.60,75,19.76,4240.88,OPT
2025-10-20 04:12:17,minitron-4b,16,1024,5000,17,2048,1,SUCCESS,9.02,NONE,3243.56,409.80,908,2215.71,3777.51,75,19.85,4216.16,OPT
2025-10-20 04:12:42,minitron-4b,16,4096,5000,16,1024,0,SUCCESS,11.02,NONE,3254.96,1666.22,4035,2421.64,4365.90,60,13.74,6071.22,OPT
2025-10-20 04:12:53,minitron-4b,16,4096,5000,16,1024,1,SUCCESS,11.01,NONE,3254.55,1664.24,4035,2424.52,4540.99,60,13.21,6244.54,OPT
2025-10-20 04:13:19,minitron-4b,16,4096,5000,13,2048,0,SUCCESS,11.03,NONE,3194.14,1127.16,4035,3579.79,4992.50,60,12.02,6158.79,OPT
2025-10-20 04:13:30,minitron-4b,16,4096,5000,13,2048,1,SUCCESS,11.02,NONE,3239.23,1051.19,4035,3838.49,4911.97,60,12.22,6002.04,OPT
2025-10-20 04:14:48,minitron-4b,16,16384,5000,13,1024,0,SUCCESS,37.05,NONE,3303.77,8015.83,16134,2012.77,24181.38,127,5.25,32302.19,OPT
2025-10-20 04:15:26,minitron-4b,16,16384,5000,13,1024,1,SUCCESS,38.05,NONE,3325.81,8029.60,16134,2009.32,24801.62,127,5.12,32941.14,OPT
2025-10-20 04:16:42,minitron-4b,16,16384,5000,11,2048,0,SUCCESS,36.09,NONE,3285.93,5311.50,16134,3037.56,26146.99,127,4.86,31564.53,OPT
2025-10-20 04:17:18,minitron-4b,16,16384,5000,11,2048,1,SUCCESS,36.1,NONE,3288.95,5147.25,16134,3134.49,26113.13,127,4.86,31364.72,OPT
2025-10-20 04:17:38,minitron-4b,16,1024,6000,21,1024,0,SUCCESS,8.01,NONE,3348.94,343.95,908,2639.92,3179.76,75,23.59,3552.06,OPT
2025-10-20 04:17:46,minitron-4b,16,1024,6000,21,1024,1,SUCCESS,8.01,NONE,3342.23,342.98,908,2647.38,3185.32,75,23.55,3556.87,OPT
2025-10-20 04:18:12,minitron-4b,16,1024,6000,21,2048,0,SUCCESS,8.02,NONE,3376.36,341.83,908,2656.27,3167.32,75,23.68,3537.68,OPT
2025-10-20 04:18:20,minitron-4b,16,1024,6000,21,2048,1,SUCCESS,8.02,NONE,3366.48,341.86,908,2656.09,3171.77,75,23.65,3542.08,OPT
2025-10-20 04:18:44,minitron-4b,16,4096,6000,20,1024,0,SUCCESS,10.02,NONE,3422.20,1436.11,4035,2809.68,3668.57,60,16.36,5143.47,OPT
2025-10-20 04:18:54,minitron-4b,16,4096,6000,20,1024,1,SUCCESS,10.02,NONE,3367.13,1419.10,4035,2843.36,3643.80,60,16.47,5101.84,OPT
2025-10-20 04:19:17,minitron-4b,16,4096,6000,18,2048,0,SUCCESS,10.02,NONE,3322.49,916.01,4035,4404.98,4065.38,60,14.76,5020.35,OPT
2025-10-20 04:19:27,minitron-4b,16,4096,6000,18,2048,1,SUCCESS,10.02,NONE,3313.96,938.59,4035,4299.01,3992.68,60,15.03,4970.39,OPT
2025-10-20 04:20:37,minitron-4b,16,16384,6000,17,1024,0,SUCCESS,32.06,NONE,3388.58,7207.03,16134,2238.65,19871.50,127,6.39,27183.47,OPT
2025-10-20 04:21:09,minitron-4b,16,16384,6000,17,1024,1,SUCCESS,32.07,NONE,3385.83,7137.40,16134,2260.49,19808.40,127,6.41,27052.90,OPT
2025-10-20 04:22:16,minitron-4b,16,16384,6000,15,2048,0,SUCCESS,31.08,NONE,3371.81,4484.28,16134,3597.91,21903.55,127,5.80,26495.70,OPT
2025-10-20 04:22:48,minitron-4b,16,16384,6000,15,2048,1,SUCCESS,32.09,NONE,3349.99,4605.76,16134,3503.00,21978.76,127,5.78,26690.15,OPT
2025-10-20 04:23:14,minitron-4b,16,1024,8000,31,1024,0,SUCCESS,7.01,NONE,3657.31,163.34,908,5559.06,1665.20,75,45.04,1856.88,OPT
2025-10-20 04:23:21,minitron-4b,16,1024,8000,31,1024,1,SUCCESS,7.01,NONE,3592.03,182.57,908,4973.35,1670.82,75,44.89,1881.87,OPT
2025-10-20 04:23:50,minitron-4b,16,1024,8000,31,2048,0,SUCCESS,7.01,NONE,3626.99,162.28,908,5595.34,1660.57,75,45.17,1851.51,OPT
2025-10-20 04:23:57,minitron-4b,16,1024,8000,31,2048,1,SUCCESS,7.01,NONE,3637.89,168.99,908,5373.13,1664.34,75,45.06,1861.50,OPT
2025-10-20 04:24:27,minitron-4b,16,4096,8000,29,1024,0,SUCCESS,8.02,NONE,3615.33,741.36,4035,5442.72,1976.05,60,30.36,2756.78,OPT
2025-10-20 04:24:35,minitron-4b,16,4096,8000,29,1024,1,SUCCESS,8.01,NONE,3590.97,731.32,4035,5517.45,1974.31,60,30.39,2745.05,OPT
2025-10-20 04:25:04,minitron-4b,16,4096,8000,27,2048,0,SUCCESS,8.01,NONE,3538.06,610.88,4035,6605.19,2334.57,60,25.70,2985.05,OPT
2025-10-20 04:25:12,minitron-4b,16,4096,8000,27,2048,1,SUCCESS,8.01,NONE,3514.08,630.43,4035,6400.41,2352.03,60,25.51,3021.77,OPT
2025-10-20 04:26:08,minitron-4b,16,16384,8000,24,1024,0,SUCCESS,23.06,NONE,3512.86,4958.82,16134,3253.60,12608.35,127,10.07,17672.87,OPT
2025-10-20 04:26:31,minitron-4b,16,16384,8000,24,1024,1,SUCCESS,23.05,NONE,3527.74,5034.90,16134,3204.43,12642.83,127,10.05,17783.31,OPT
2025-10-20 04:27:26,minitron-4b,16,16384,8000,22,2048,0,SUCCESS,24.04,NONE,3492.08,3621.47,16134,4455.10,14793.86,127,8.58,18521.76,OPT
2025-10-20 04:27:50,minitron-4b,16,16384,8000,22,2048,1,SUCCESS,24.07,NONE,3496.08,3778.51,16134,4269.94,14839.76,127,8.56,18723.48,OPT
2025-10-20 04:28:09,minitron-4b,16,1024,12000,35,1024,0,SUCCESS,6.01,NONE,3867.27,119.04,908,7627.62,631.56,75,118.75,779.44,OPT
2025-10-20 04:28:15,minitron-4b,16,1024,12000,35,1024,1,SUCCESS,6.01,NONE,3835.56,121.30,908,7485.63,630.20,75,119.01,777.45,OPT
2025-10-20 04:28:35,minitron-4b,16,1024,12000,35,2048,0,SUCCESS,6.01,NONE,3846.73,116.95,908,7763.80,630.91,75,118.88,775.69,OPT
2025-10-20 04:28:41,minitron-4b,16,1024,12000,35,2048,1,SUCCESS,6.01,NONE,3877.82,118.40,908,7668.79,630.03,75,119.04,774.34,OPT
2025-10-20 04:29:01,minitron-4b,16,4096,12000,35,1024,0,SUCCESS,6.01,NONE,3845.53,348.81,4035,11568.03,532.60,60,112.65,921.93,OPT
2025-10-20 04:29:07,minitron-4b,16,4096,12000,35,1024,1,SUCCESS,6.01,NONE,3830.81,348.64,4035,11573.58,532.80,60,112.61,921.13,OPT
2025-10-20 04:29:34,minitron-4b,16,4096,12000,35,2048,0,SUCCESS,6.01,NONE,3847.00,352.14,4035,11458.38,533.08,60,112.55,924.72,OPT
2025-10-20 04:29:40,minitron-4b,16,4096,12000,35,2048,1,SUCCESS,6.01,NONE,3863.72,350.98,4035,11496.38,538.09,60,111.50,935.77,OPT
2025-10-20 04:30:27,minitron-4b,16,16384,12000,35,1024,0,SUCCESS,9.01,NONE,3887.98,1647.51,16134,9792.96,1367.67,127,92.86,3116.19,OPT
2025-10-20 04:30:35,minitron-4b,16,16384,12000,35,1024,1,SUCCESS,8.01,NONE,3882.53,1646.63,16134,9798.21,1367.44,127,92.87,3112.99,OPT
2025-10-20 04:31:22,minitron-4b,16,16384,12000,35,2048,0,SUCCESS,8.01,NONE,3905.42,1633.26,16134,9878.39,1368.13,127,92.83,3103.75,OPT
2025-10-20 04:31:31,minitron-4b,16,16384,12000,35,2048,1,SUCCESS,9.01,NONE,3914.52,1631.52,16134,9888.93,1375.89,127,92.30,3110.38,OPT
2025-10-20 04:32:26,minitron-8b,16,1024,2000,1,1024,0,SUCCESS,24.04,NONE,5054.24,1314.59,908,690.71,15089.09,105,6.96,16438.82,OPT
2025-10-20 04:32:50,minitron-8b,16,1024,2000,1,1024,1,SUCCESS,24.06,NONE,5076.60,1320.81,908,687.46,15115.28,105,6.95,16471.46,OPT
2025-10-20 04:33:38,minitron-8b,16,1024,2000,1,2048,0,SUCCESS,24.08,NONE,5114.47,1287.84,908,705.06,15080.75,105,6.96,16403.52,OPT
2025-10-20 04:34:01,minitron-8b,16,1024,2000,1,2048,1,SUCCESS,23.06,NONE,5070.19,1260.85,908,720.15,15094.35,105,6.96,16390.58,OPT
2025-10-20 04:34:49,minitron-8b,16,4096,2000,1,1024,0,SUCCESS,24.06,NONE,5122.14,5187.90,4035,777.77,11334.17,60,5.29,16561.45,OPT
2025-10-20 04:35:13,minitron-8b,16,4096,2000,1,1024,1,SUCCESS,24.05,NONE,5146.62,5074.53,4035,795.15,11184.24,60,5.36,16298.16,OPT
2025-10-20 04:36:56,minitron-8b,16,16384,2000,1,1024,0,SUCCESS,50.09,NONE,5337.45,21276.93,16134,758.29,20806.88,54,2.60,42173.39,OPT
2025-10-20 04:37:46,minitron-8b,16,16384,2000,1,1024,1,SUCCESS,50.09,NONE,5371.07,21244.73,16134,759.44,20712.47,54,2.61,42048.63,OPT
2025-10-20 04:39:11,minitron-8b,16,1024,3000,4,1024,0,SUCCESS,23.09,NONE,5235.89,1227.53,908,739.70,14230.27,105,7.38,15493.08,OPT
2025-10-20 04:39:34,minitron-8b,16,1024,3000,4,1024,1,SUCCESS,23.05,NONE,5254.86,1252.88,908,724.73,14138.77,105,7.43,15426.52,OPT
2025-10-20 04:40:43,minitron-8b,16,1024,3000,4,2048,0,SUCCESS,23.06,NONE,5279.44,1231.48,908,737.33,14098.82,105,7.45,15365.41,OPT
2025-10-20 04:41:06,minitron-8b,16,1024,3000,4,2048,1,SUCCESS,23.04,NONE,5227.75,1219.64,908,744.48,14122.38,105,7.44,15377.35,OPT
2025-10-20 04:41:55,minitron-8b,16,4096,3000,3,1024,0,SUCCESS,23.06,NONE,5205.32,4923.43,4035,819.55,10561.80,60,5.68,15524.17,OPT
2025-10-20 04:42:18,minitron-8b,16,4096,3000,3,1024,1,SUCCESS,23.05,NONE,5215.28,4957.31,4035,813.95,10963.46,60,5.47,15959.90,OPT
2025-10-20 04:43:03,minitron-8b,16,4096,3000,2,2048,0,SUCCESS,21.03,NONE,5226.63,2686.39,4035,1502.02,10778.89,60,5.57,13504.28,OPT
2025-10-20 04:43:24,minitron-8b,16,4096,3000,2,2048,1,SUCCESS,21.04,NONE,5219.09,2714.08,4035,1486.69,10876.15,60,5.52,13629.88,OPT
2025-10-20 04:45:56,minitron-8b,16,16384,3000,3,1024,0,SUCCESS,75.17,NONE,5578.28,20068.81,16134,803.93,46780.31,127,2.71,66957.80,OPT
2025-10-20 04:47:11,minitron-8b,16,16384,3000,3,1024,1,SUCCESS,75.15,NONE,5505.09,20526.81,16134,786.00,46779.13,127,2.71,67412.33,OPT
2025-10-20 04:48:31,minitron-8b,16,16384,3000,2,2048,0,SUCCESS,40.08,NONE,5424.11,11613.67,16134,1389.22,20243.41,54,2.67,31948.48,OPT
2025-10-20 04:49:11,minitron-8b,16,16384,3000,2,2048,1,SUCCESS,40.1,NONE,5439.47,11711.33,16134,1377.64,20242.47,54,2.67,32044.20,OPT
2025-10-20 04:50:08,minitron-8b,16,1024,4000,6,1024,0,SUCCESS,22.04,NONE,5343.36,1178.68,908,770.36,13455.34,105,7.80,14668.96,OPT
2025-10-20 04:50:30,minitron-8b,16,1024,4000,6,1024,1,SUCCESS,22.05,NONE,5352.23,1156.66,908,785.02,13475.82,105,7.79,14667.32,OPT
2025-10-20 04:51:15,minitron-8b,16,1024,4000,6,2048,0,SUCCESS,22.06,NONE,5374.59,1162.65,908,780.97,13478.90,105,7.79,14676.53,OPT
2025-10-20 04:51:37,minitron-8b,16,1024,4000,6,2048,1,SUCCESS,22.06,NONE,5305.53,1168.40,908,777.13,13480.84,105,7.79,14684.14,OPT
2025-10-20 04:52:44,minitron-8b,16,4096,4000,6,1024,0,SUCCESS,22.05,NONE,5381.87,4565.45,4035,883.81,9791.86,60,6.13,14396.17,OPT
2025-10-20 04:53:06,minitron-8b,16,4096,4000,6,1024,1,SUCCESS,22.06,NONE,5368.20,4550.57,4035,886.70,9944.98,60,6.03,14534.94,OPT
2025-10-20 04:53:30,minitron-8b,16,4096,4000,4,2048,0,SUCCESS,21.04,NONE,5333.34,2565.33,4035,1572.90,10502.04,60,5.71,13106.21,OPT
2025-10-20 04:53:51,minitron-8b,16,4096,4000,4,2048,1,SUCCESS,21.05,NONE,5288.63,2585.24,4035,1560.78,10600.18,60,5.66,13225.10,OPT
2025-10-20 04:56:18,minitron-8b,16,16384,4000,5,1024,0,SUCCESS,71.14,NONE,5497.12,19207.76,16134,839.97,44067.49,127,2.88,63380.79,OPT
2025-10-20 04:57:29,minitron-8b,16,16384,4000,5,1024,1,SUCCESS,71.15,NONE,5548.10,19623.08,16134,822.20,44034.28,127,2.88,63764.92,OPT
2025-10-20 04:59:13,minitron-8b,16,16384,4000,4,2048,0,SUCCESS,64.17,NONE,5448.91,10672.34,16134,1511.76,45440.80,127,2.79,56220.20,OPT
2025-10-20 05:00:17,minitron-8b,16,16384,4000,4,2048,1,SUCCESS,64.16,NONE,5485.94,10815.04,16134,1491.81,45237.05,127,2.81,56159.91,OPT
2025-10-20 05:00:57,minitron-8b,16,1024,5000,9,1024,0,SUCCESS,21.06,NONE,5466.01,1077.17,908,842.95,12461.45,105,8.43,13573.67,OPT
2025-10-20 05:01:18,minitron-8b,16,1024,5000,9,1024,1,SUCCESS,21.06,NONE,5471.14,1079.54,908,841.10,12510.32,105,8.39,13624.81,OPT
2025-10-20 05:02:22,minitron-8b,16,1024,5000,9,2048,0,SUCCESS,21.03,NONE,5472.46,1052.36,908,862.82,12523.54,105,8.38,13611.02,OPT
2025-10-20 05:02:43,minitron-8b,16,1024,5000,9,2048,1,SUCCESS,21.04,NONE,5453.73,1074.33,908,845.18,12484.29,105,8.41,13593.61,OPT
2025-10-20 05:03:47,minitron-8b,16,4096,5000,9,1024,0,SUCCESS,21.04,NONE,5537.00,4204.99,4035,959.57,9212.94,60,6.51,13457.26,OPT
2025-10-20 05:04:09,minitron-8b,16,4096,5000,9,1024,1,SUCCESS,21.04,NONE,5527.54,4220.02,4035,956.16,9289.26,60,6.46,13548.55,OPT
2025-10-20 05:04:52,minitron-8b,16,4096,5000,7,2048,0,SUCCESS,20.05,NONE,5394.76,2467.00,4035,1635.59,9674.39,60,6.20,12180.41,OPT
2025-10-20 05:05:12,minitron-8b,16,4096,5000,7,2048,1,SUCCESS,20.05,NONE,5431.44,2445.12,4035,1650.23,9759.96,60,6.15,12245.25,OPT
2025-10-20 05:07:07,minitron-8b,16,16384,5000,8,1024,0,SUCCESS,43.12,NONE,5699.15,18128.56,16134,889.98,17288.04,54,3.12,35508.75,OPT
2025-10-20 05:07:50,minitron-8b,16,16384,5000,8,1024,1,SUCCESS,43.07,NONE,5662.92,18046.62,16134,894.02,17231.74,54,3.13,35370.16,OPT
2025-10-20 05:09:09,minitron-8b,16,16384,5000,6,2048,0,SUCCESS,37.08,NONE,5610.68,10645.95,16134,1515.51,18558.29,54,2.91,29295.31,OPT
2025-10-20 05:09:46,minitron-8b,16,16384,5000,6,2048,1,SUCCESS,37.08,NONE,5569.95,10409.25,16134,1549.97,18384.45,54,2.94,28883.39,OPT
2025-10-20 05:10:26,minitron-8b,16,1024,6000,12,1024,0,SUCCESS,20.06,NONE,5640.06,1024.29,908,886.47,11551.90,105,9.09,12611.88,OPT
2025-10-20 05:10:46,minitron-8b,16,1024,6000,12,1024,1,SUCCESS,20.06,NONE,5644.62,1014.85,908,894.71,11558.61,105,9.08,12608.45,OPT
2025-10-20 05:11:48,minitron-8b,16,1024,6000,12,2048,0,SUCCESS,20.04,NONE,5604.05,1017.37,908,892.49,11573.15,105,9.07,12625.82,OPT
2025-10-20 05:12:08,minitron-8b,16,1024,6000,12,2048,1,SUCCESS,20.04,NONE,5650.57,989.35,908,917.78,11575.60,105,9.07,12600.25,OPT
2025-10-20 05:13:10,minitron-8b,16,4096,6000,12,1024,0,SUCCESS,20.03,NONE,5624.55,3848.52,4035,1048.45,8614.85,60,6.96,12502.86,OPT
2025-10-20 05:13:30,minitron-8b,16,4096,6000,12,1024,1,SUCCESS,20.04,NONE,5665.80,3851.97,4035,1047.52,8600.84,60,6.98,12491.75,OPT
2025-10-20 05:14:12,minitron-8b,16,4096,6000,10,2048,0,SUCCESS,19.06,NONE,5581.25,2194.65,4035,1838.56,8830.07,60,6.79,11064.11,OPT
2025-10-20 05:14:31,minitron-8b,16,4096,6000,10,2048,1,SUCCESS,19.04,NONE,5593.28,2210.78,4035,1825.15,9037.14,60,6.64,11287.93,OPT
2025-10-20 05:15:16,minitron-8b,16,16384,6000,10,1024,0,SUCCESS,41.11,NONE,5751.62,16974.48,16134,950.49,16311.92,54,3.31,33377.58,OPT
2025-10-20 05:15:57,minitron-8b,16,16384,6000,10,1024,1,SUCCESS,41.09,NONE,5729.89,17062.28,16134,945.59,16229.83,54,3.33,33383.92,OPT
2025-10-20 05:17:12,minitron-8b,16,16384,6000,9,2048,0,SUCCESS,35.09,NONE,5698.35,9805.42,16134,1645.42,16883.03,54,3.20,26779.19,OPT
2025-10-20 05:17:47,minitron-8b,16,16384,6000,9,2048,1,SUCCESS,35.09,NONE,5745.65,9650.90,16134,1671.76,17115.64,54,3.16,26857.14,OPT
2025-10-20 05:18:28,minitron-8b,16,1024,8000,18,1024,0,SUCCESS,19.05,NONE,5936.57,853.90,908,1063.35,9648.48,105,10.88,10537.92,OPT
2025-10-20 05:18:47,minitron-8b,16,1024,8000,18,1024,1,SUCCESS,19.06,NONE,5909.02,846.48,908,1072.68,9634.32,105,10.90,10516.02,OPT
2025-10-20 05:19:44,minitron-8b,16,1024,8000,18,2048,0,SUCCESS,19.03,NONE,5923.24,828.96,908,1095.34,9653.14,105,10.88,10517.24,OPT
2025-10-20 05:20:03,minitron-8b,16,1024,8000,18,2048,1,SUCCESS,19.07,NONE,5928.86,836.36,908,1085.66,9606.53,105,10.93,10478.09,OPT
2025-10-20 05:20:46,minitron-8b,16,4096,8000,17,1024,0,SUCCESS,19.07,NONE,5924.80,3321.49,4035,1214.81,7267.98,60,8.26,10629.99,OPT
2025-10-20 05:21:05,minitron-8b,16,4096,8000,17,1024,1,SUCCESS,19.04,NONE,5888.72,3344.26,4035,1206.54,7106.37,60,8.44,10491.10,OPT
2025-10-20 05:22:03,minitron-8b,16,4096,8000,16,2048,0,SUCCESS,17.03,NONE,5870.45,1935.32,4035,2084.93,7509.64,60,7.99,9485.07,OPT
2025-10-20 05:22:20,minitron-8b,16,4096,8000,16,2048,1,SUCCESS,17.06,NONE,5888.32,1980.36,4035,2037.51,7543.06,60,7.95,9563.58,OPT
2025-10-20 05:23:41,minitron-8b,16,16384,8000,15,1024,0,SUCCESS,37.07,NONE,5970.87,14775.87,16134,1091.92,13948.55,54,3.87,28816.47,OPT
2025-10-20 05:24:18,minitron-8b,16,16384,8000,15,1024,1,SUCCESS,37.07,NONE,5971.76,14814.37,16134,1089.08,13777.91,54,3.92,28683.39,OPT
2025-10-20 05:25:27,minitron-8b,16,16384,8000,14,2048,0,SUCCESS,31.07,NONE,5916.19,8488.15,16134,1900.77,14294.18,54,3.78,22875.47,OPT
2025-10-20 05:25:58,minitron-8b,16,16384,8000,14,2048,1,SUCCESS,31.09,NONE,5905.98,8944.25,16134,1803.84,14279.41,54,3.78,23318.30,OPT
2025-10-20 05:26:36,minitron-8b,16,1024,12000,29,1024,0,SUCCESS,15.03,NONE,6481.42,482.91,908,1880.25,6096.51,105,17.22,6614.65,OPT
2025-10-20 05:26:51,minitron-8b,16,1024,12000,29,1024,1,SUCCESS,15.02,NONE,6463.11,488.21,908,1859.84,6082.56,105,17.26,6605.77,OPT
2025-10-20 05:27:55,minitron-8b,16,1024,12000,29,2048,0,SUCCESS,15.03,NONE,6465.71,480.37,908,1890.21,6092.07,105,17.24,6607.55,OPT
2025-10-20 05:28:10,minitron-8b,16,1024,12000,29,2048,1,SUCCESS,15.03,NONE,6439.76,489.19,908,1856.11,6094.71,105,17.23,6619.09,OPT
2025-10-20 05:29:05,minitron-8b,16,4096,12000,28,1024,0,SUCCESS,15.03,NONE,6416.95,1893.79,4035,2130.65,4528.12,60,13.25,6461.53,OPT
2025-10-20 05:29:20,minitron-8b,16,4096,12000,28,1024,1,SUCCESS,15.02,NONE,6447.86,1948.99,4035,2070.30,4398.14,60,13.64,6386.43,OPT
2025-10-20 05:30:14,minitron-8b,16,4096,12000,26,2048,0,SUCCESS,15.03,NONE,6356.64,1327.13,4035,3040.40,4984.83,60,12.04,6351.23,OPT
2025-10-20 05:30:29,minitron-8b,16,4096,12000,26,2048,1,SUCCESS,15.03,NONE,6314.73,1355.35,4035,2977.10,4963.33,60,12.09,6358.36,OPT
2025-10-20 05:31:41,minitron-8b,16,16384,12000,25,1024,0,SUCCESS,27.06,NONE,6388.19,9847.37,16134,1638.41,8847.34,54,6.10,18787.69,OPT
2025-10-20 05:32:08,minitron-8b,16,16384,12000,25,1024,1,SUCCESS,27.06,NONE,6366.66,9663.00,16134,1669.67,8807.21,54,6.13,18561.72,OPT
2025-10-20 05:33:33,minitron-8b,16,16384,12000,23,2048,0,SUCCESS,25.06,NONE,6300.43,6962.01,16134,2317.43,9858.71,54,5.48,16911.69,OPT
2025-10-20 05:33:58,minitron-8b,16,16384,12000,23,2048,1,SUCCESS,25.05,NONE,6316.66,6611.82,16134,2440.17,9806.09,54,5.51,16507.46,OPT
2025-10-20 05:34:45,minitron-8b,16,1024,16000,41,1024,0,SUCCESS,11.02,NONE,7256.54,178.53,908,5086.12,1344.19,95,70.67,1552.96,OPT
2025-10-20 05:34:56,minitron-8b,16,1024,16000,41,1024,1,SUCCESS,11.02,NONE,7192.53,177.13,908,5126.12,1341.74,95,70.80,1550.21,OPT
2025-10-20 05:35:44,minitron-8b,16,1024,16000,41,2048,0,SUCCESS,11.02,NONE,7229.03,176.03,908,5158.27,1339.64,95,70.91,1547.90,OPT
2025-10-20 05:35:55,minitron-8b,16,1024,16000,41,2048,1,SUCCESS,11.02,NONE,7178.85,175.77,908,5165.96,1341.79,95,70.80,1549.78,OPT
2025-10-20 05:36:42,minitron-8b,16,4096,16000,39,1024,0,SUCCESS,12.04,NONE,6964.84,700.86,4035,5757.22,1732.34,60,34.64,2472.40,OPT
2025-10-20 05:36:54,minitron-8b,16,4096,16000,39,1024,1,SUCCESS,12.03,NONE,6952.07,715.09,4035,5642.69,1731.75,60,34.65,2486.02,OPT
2025-10-20 05:37:39,minitron-8b,16,4096,16000,37,2048,0,SUCCESS,12.04,NONE,6871.88,753.36,4035,5356.03,2204.66,60,27.22,2997.50,OPT
2025-10-20 05:37:51,minitron-8b,16,4096,16000,37,2048,1,SUCCESS,12.03,NONE,6895.82,768.41,4035,5251.10,2194.62,60,27.34,3002.84,OPT
2025-10-20 05:38:56,minitron-8b,16,16384,16000,34,1024,0,SUCCESS,21.04,NONE,6766.45,5523.40,16134,2921.03,5933.24,72,12.14,11551.43,OPT
2025-10-20 05:39:17,minitron-8b,16,16384,16000,34,1024,1,SUCCESS,21.06,NONE,6821.96,5444.03,16134,2963.61,5924.63,72,12.15,11463.64,OPT
2025-10-20 05:40:37,minitron-8b,16,16384,16000,33,2048,0,SUCCESS,20.03,NONE,6758.73,4375.27,16134,3687.54,6584.82,72,10.93,11054.43,OPT
2025-10-20 05:40:57,minitron-8b,16,16384,16000,33,2048,1,SUCCESS,20.03,NONE,6758.17,4388.16,16134,3676.71,6567.39,72,10.96,11051.02,OPT
2025-10-20 05:41:19,minitron-8b,16,4096,24000,41,1024,0,SUCCESS,11.02,NONE,7252.98,576.31,4035,7001.43,886.95,60,67.65,1503.32,OPT
2025-10-20 05:41:30,minitron-8b,16,4096,24000,41,1024,1,SUCCESS,11.02,NONE,7263.32,575.61,4035,7009.99,884.53,60,67.83,1497.63,OPT
2025-10-20 05:42:04,minitron-8b,16,4096,24000,41,2048,0,SUCCESS,11.02,NONE,7238.48,580.06,4035,6956.22,885.59,60,67.75,1504.19,OPT
2025-10-20 05:42:15,minitron-8b,16,4096,24000,41,2048,1,SUCCESS,11.02,NONE,7261.59,579.71,4035,6960.38,886.17,60,67.71,1503.04,OPT
2025-10-20 05:43:16,minitron-8b,16,16384,24000,41,1024,0,SUCCESS,14.02,NONE,7269.48,2610.54,16134,6180.34,1560.74,92,58.95,4265.46,OPT
2025-10-20 05:43:30,minitron-8b,16,16384,24000,41,1024,1,SUCCESS,14.02,NONE,7235.62,2609.52,16134,6182.76,1563.06,92,58.86,4269.10,OPT
2025-10-20 05:44:31,minitron-8b,16,16384,24000,41,2048,0,SUCCESS,14.02,NONE,7240.85,2624.97,16134,6146.36,1560.51,92,58.96,4282.10,OPT
2025-10-20 05:44:45,minitron-8b,16,16384,24000,41,2048,1,SUCCESS,14.02,NONE,7258.36,2625.93,16134,6144.11,1562.56,92,58.88,4285.65,OPT
2025-10-20 05:45:17,qwen3-30b,16,1024,1000,0,1024,0,SUCCESS,15.05,NONE,4686.18,1723.64,889,515.77,6683.32,127,19.00,8458.12,OPT
2025-10-20 05:45:32,qwen3-30b,16,1024,1000,0,1024,1,SUCCESS,15.02,NONE,4656.05,1723.89,889,515.69,6704.20,127,18.94,8478.93,OPT
2025-10-20 05:45:47,qwen3-30b,16,1024,1000,0,2048,0,SUCCESS,15.05,NONE,4691.11,1727.69,889,514.56,6698.21,127,18.96,8477.05,OPT
2025-10-20 05:46:02,qwen3-30b,16,1024,1000,0,2048,1,SUCCESS,15.04,NONE,4629.18,1722.26,889,516.18,6794.62,127,18.69,8568.17,OPT
2025-10-20 05:46:28,qwen3-30b,16,4096,1000,0,1024,0,SUCCESS,26.06,NONE,4706.29,6676.34,3935,589.39,12650.36,127,10.04,19386.69,OPT
2025-10-20 05:46:54,qwen3-30b,16,4096,1000,0,1024,1,SUCCESS,26.04,NONE,4696.90,6739.87,3935,583.84,12118.42,127,10.48,18918.32,OPT
2025-10-20 05:48:10,qwen3-30b,16,16384,1000,0,1024,0,SUCCESS,74.15,NONE,4823.73,26828.07,15734,586.48,40177.89,127,3.16,67100.74,OPT
2025-10-20 05:49:24,qwen3-30b,16,16384,1000,0,1024,1,SUCCESS,74.16,NONE,4847.25,26891.14,15734,585.10,40092.34,127,3.17,67077.40,OPT
2025-10-20 05:50:13,qwen3-30b,16,1024,2000,3,1024,0,SUCCESS,15.07,NONE,4914.64,1655.72,889,536.93,6529.69,127,19.45,8236.52,OPT
2025-10-20 05:50:28,qwen3-30b,16,1024,2000,3,1024,1,SUCCESS,15.06,NONE,4925.41,1664.67,889,534.04,6578.49,127,19.31,8294.27,OPT
2025-10-20 05:51:13,qwen3-30b,16,1024,2000,3,2048,0,SUCCESS,15.04,NONE,4901.08,1624.84,889,547.13,6587.56,127,19.28,8263.34,OPT
2025-10-20 05:51:29,qwen3-30b,16,1024,2000,3,2048,1,SUCCESS,16.05,NONE,4914.23,1672.94,889,531.40,6588.30,127,19.28,8312.15,OPT
2025-10-20 05:52:46,qwen3-30b,16,4096,2000,3,1024,0,SUCCESS,26.04,NONE,4940.21,6474.66,3935,607.75,12134.86,127,10.47,18669.54,OPT
2025-10-20 05:53:11,qwen3-30b,16,4096,2000,3,1024,1,SUCCESS,25.04,NONE,4944.84,6401.96,3935,614.66,11711.09,127,10.84,18173.55,OPT
2025-10-20 05:53:36,qwen3-30b,16,4096,2000,1,2048,0,SUCCESS,23.04,NONE,4777.19,3966.86,3935,991.97,12172.47,127,10.43,16199.78,OPT
2025-10-20 05:53:59,qwen3-30b,16,4096,2000,1,2048,1,SUCCESS,23.04,NONE,4833.25,3868.47,3935,1017.20,12268.12,127,10.35,16196.80,OPT
2025-10-20 05:57:37,qwen3-30b,16,16384,2000,3,1024,0,SUCCESS,71.14,NONE,5043.06,25688.31,15734,612.50,37765.66,127,3.36,63547.77,OPT
2025-10-20 05:58:48,qwen3-30b,16,16384,2000,3,1024,1,SUCCESS,71.15,NONE,5070.78,25854.39,15734,608.56,37861.79,127,3.35,63810.95,OPT
2025-10-20 06:00:53,qwen3-30b,16,16384,2000,1,2048,0,SUCCESS,62.14,NONE,4961.26,15582.48,15734,1009.72,39271.29,127,3.23,54947.16,OPT
2025-10-20 06:01:55,qwen3-30b,16,16384,2000,1,2048,1,SUCCESS,62.15,NONE,4926.77,15661.76,15734,1004.61,39148.65,127,3.24,54906.18,OPT
2025-10-20 06:02:42,qwen3-30b,16,1024,3000,6,1024,0,SUCCESS,15.07,NONE,5092.54,1552.15,889,572.75,6463.99,127,19.65,8067.03,OPT
2025-10-20 06:02:57,qwen3-30b,16,1024,3000,6,1024,1,SUCCESS,15.04,NONE,5106.76,1567.99,889,566.97,6287.33,127,20.20,7906.67,OPT
2025-10-20 06:03:42,qwen3-30b,16,1024,3000,6,2048,0,SUCCESS,15.04,NONE,5068.99,1522.40,889,583.95,6261.03,127,20.28,7834.14,OPT
2025-10-20 06:03:57,qwen3-30b,16,1024,3000,6,2048,1,SUCCESS,15.04,NONE,5087.08,1559.87,889,569.92,6321.96,127,20.09,7932.87,OPT
2025-10-20 06:05:11,qwen3-30b,16,4096,3000,6,1024,0,SUCCESS,24.05,NONE,5115.07,6069.90,3935,648.28,11007.88,127,11.54,17137.66,OPT
2025-10-20 06:05:36,qwen3-30b,16,4096,3000,6,1024,1,SUCCESS,25.05,NONE,5138.82,6062.42,3935,649.08,11028.02,127,11.52,17150.29,OPT
2025-10-20 06:06:24,qwen3-30b,16,4096,3000,4,2048,0,SUCCESS,22.06,NONE,5008.15,3703.18,3935,1062.60,11410.60,127,11.13,15173.99,OPT
2025-10-20 06:06:46,qwen3-30b,16,4096,3000,4,2048,1,SUCCESS,22.05,NONE,5011.55,3708.16,3935,1061.17,11449.47,127,11.09,15219.51,OPT
2025-10-20 06:09:08,qwen3-30b,16,16384,3000,5,1024,0,SUCCESS,69.13,NONE,5191.59,24938.62,15734,630.91,36422.83,127,3.49,61456.23,OPT
2025-10-20 06:10:18,qwen3-30b,16,16384,3000,5,1024,1,SUCCESS,69.14,NONE,5213.79,25051.78,15734,628.06,36255.87,127,3.50,61402.45,OPT
2025-10-20 06:13:21,qwen3-30b,16,16384,3000,4,2048,0,SUCCESS,60.14,NONE,5182.47,14993.16,15734,1049.41,37351.53,127,3.40,52440.09,OPT
2025-10-20 06:14:21,qwen3-30b,16,16384,3000,4,2048,1,SUCCESS,60.12,NONE,5132.91,14919.01,15734,1054.63,37145.51,127,3.42,52158.04,OPT
2025-10-20 06:15:21,qwen3-30b,16,1024,4000,9,1024,0,SUCCESS,15.03,NONE,5290.49,1476.51,889,602.10,6246.29,127,20.33,7773.92,OPT
2025-10-20 06:15:36,qwen3-30b,16,1024,4000,9,1024,1,SUCCESS,15.03,NONE,5253.98,1473.74,889,603.23,6150.97,127,20.65,7676.39,OPT
2025-10-20 06:16:22,qwen3-30b,16,1024,4000,9,2048,0,SUCCESS,15.03,NONE,5304.49,1488.45,889,597.26,6097.95,127,20.83,7637.16,OPT
2025-10-20 06:16:37,qwen3-30b,16,1024,4000,9,2048,1,SUCCESS,15.05,NONE,5278.80,1471.16,889,604.28,6187.42,127,20.53,7710.41,OPT
2025-10-20 06:17:29,qwen3-30b,16,4096,4000,8,1024,0,SUCCESS,24.04,NONE,5257.16,5868.74,3935,670.50,10752.21,127,11.81,16681.68,OPT
2025-10-20 06:17:53,qwen3-30b,16,4096,4000,8,1024,1,SUCCESS,24.06,NONE,5239.62,5807.38,3935,677.59,10822.76,127,11.73,16690.75,OPT
2025-10-20 06:18:40,qwen3-30b,16,4096,4000,7,2048,0,SUCCESS,22.04,NONE,5190.03,3518.77,3935,1118.29,10881.67,127,11.67,14460.31,OPT
2025-10-20 06:19:02,qwen3-30b,16,4096,4000,7,2048,1,SUCCESS,22.05,NONE,5204.89,3563.91,3935,1104.12,11059.44,127,11.48,14683.30,OPT
2025-10-20 06:22:21,qwen3-30b,16,16384,4000,8,1024,0,SUCCESS,65.13,NONE,5375.00,23415.04,15734,671.96,34059.48,127,3.73,57569.18,OPT
2025-10-20 06:23:26,qwen3-30b,16,16384,4000,8,1024,1,SUCCESS,65.11,NONE,5385.79,23460.25,15734,670.67,34190.60,127,3.71,57744.41,OPT
2025-10-20 06:25:27,qwen3-30b,16,16384,4000,6,2048,0,SUCCESS,58.13,NONE,5259.95,14532.44,15734,1082.68,35954.19,127,3.53,50583.96,OPT
2025-10-20 06:26:25,qwen3-30b,16,16384,4000,6,2048,1,SUCCESS,58.13,NONE,5338.51,14500.30,15734,1085.08,35532.13,127,3.57,50126.11,OPT
2025-10-20 06:27:26,qwen3-30b,16,1024,5000,12,1024,0,SUCCESS,15.02,NONE,5483.05,1414.94,889,628.30,5845.64,127,21.73,7311.82,OPT
2025-10-20 06:27:41,qwen3-30b,16,1024,5000,12,1024,1,SUCCESS,15.04,NONE,5484.88,1405.29,889,632.61,5783.43,127,21.96,7239.54,OPT
2025-10-20 06:28:26,qwen3-30b,16,1024,5000,12,2048,0,SUCCESS,15.04,NONE,5474.99,1394.93,889,637.31,5843.68,127,21.73,7289.36,OPT
2025-10-20 06:28:41,qwen3-30b,16,1024,5000,12,2048,1,SUCCESS,15.06,NONE,5481.93,1376.50,889,645.84,5763.15,127,22.04,7190.78,OPT
2025-10-20 06:29:32,qwen3-30b,16,4096,5000,11,1024,0,SUCCESS,23.06,NONE,5424.73,5479.98,3935,718.07,10352.80,127,12.27,15892.70,OPT
2025-10-20 06:29:56,qwen3-30b,16,4096,5000,11,1024,1,SUCCESS,24.04,NONE,5462.21,5495.69,3935,716.02,10230.64,127,12.41,15786.83,OPT
2025-10-20 06:30:43,qwen3-30b,16,4096,5000,10,2048,0,SUCCESS,21.03,NONE,5383.56,3354.04,3935,1173.21,10400.03,127,12.21,13813.86,OPT
2025-10-20 06:31:05,qwen3-30b,16,4096,5000,10,2048,1,SUCCESS,22.05,NONE,5391.57,3341.74,3935,1177.53,10637.44,127,11.94,14039.72,OPT
2025-10-20 06:34:14,qwen3-30b,16,16384,5000,11,1024,0,SUCCESS,62.13,NONE,5563.93,22108.24,15734,711.68,31812.63,127,3.99,54014.48,OPT
2025-10-20 06:35:16,qwen3-30b,16,16384,5000,11,1024,1,SUCCESS,62.12,NONE,5568.61,22068.55,15734,712.96,32011.63,127,3.97,54173.82,OPT
2025-10-20 06:37:12,qwen3-30b,16,16384,5000,9,2048,0,SUCCESS,55.13,NONE,5461.34,13873.82,15734,1134.08,33490.75,127,3.79,47458.71,OPT
2025-10-20 06:38:07,qwen3-30b,16,16384,5000,9,2048,1,SUCCESS,55.16,NONE,5439.25,13780.02,15734,1141.80,33561.54,127,3.78,47440.46,OPT
2025-10-20 06:38:53,qwen3-30b,16,1024,6000,14,1024,0,SUCCESS,15.02,NONE,5604.63,1357.78,889,654.75,5613.83,127,22.62,7022.69,OPT
2025-10-20 06:39:08,qwen3-30b,16,1024,6000,14,1024,1,SUCCESS,15.03,NONE,5667.90,1345.15,889,660.89,5735.54,127,22.14,7132.09,OPT
2025-10-20 06:39:38,qwen3-30b,16,1024,6000,14,2048,0,SUCCESS,15.05,NONE,5567.17,1345.50,889,660.72,5825.90,127,21.80,7222.45,OPT
2025-10-20 06:39:53,qwen3-30b,16,1024,6000,14,2048,1,SUCCESS,15.05,NONE,5599.67,1333.55,889,666.64,5615.50,127,22.62,7001.84,OPT
2025-10-20 06:41:02,qwen3-30b,16,4096,6000,14,1024,0,SUCCESS,23.04,NONE,5635.22,5135.86,3935,766.18,9700.68,127,13.09,14896.98,OPT
2025-10-20 06:41:25,qwen3-30b,16,4096,6000,14,1024,1,SUCCESS,23.03,NONE,5608.50,5126.46,3935,767.59,9539.22,127,13.31,14726.00,OPT
2025-10-20 06:41:50,qwen3-30b,16,4096,6000,12,2048,0,SUCCESS,21.05,NONE,5473.55,3243.73,3935,1213.11,9983.00,127,12.72,13286.91,OPT
2025-10-20 06:42:11,qwen3-30b,16,4096,6000,12,2048,1,SUCCESS,21.05,NONE,5502.08,3226.32,3935,1219.66,10101.33,127,12.57,13388.14,OPT
2025-10-20 06:44:15,qwen3-30b,16,16384,6000,13,1024,0,SUCCESS,59.12,NONE,5648.03,20991.17,15734,749.55,30284.36,127,4.19,51368.89,OPT
2025-10-20 06:45:14,qwen3-30b,16,16384,6000,13,1024,1,SUCCESS,59.1,NONE,5642.50,20884.24,15734,753.39,30217.96,127,4.20,51195.52,OPT
2025-10-20 06:47:53,qwen3-30b,16,16384,6000,12,2048,0,SUCCESS,52.1,NONE,5611.63,13019.22,15734,1208.52,31063.04,127,4.09,44175.61,OPT
2025-10-20 06:48:45,qwen3-30b,16,16384,6000,12,2048,1,SUCCESS,52.12,NONE,5615.30,12998.78,15734,1210.42,31211.40,127,4.07,44314.12,OPT
2025-10-20 06:49:48,qwen3-30b,16,1024,8000,20,1024,0,SUCCESS,15.03,NONE,5916.30,1193.80,889,744.68,5155.37,127,24.63,6400.53,OPT
2025-10-20 06:50:03,qwen3-30b,16,1024,8000,20,1024,1,SUCCESS,15.03,NONE,5969.47,1201.35,889,740.00,5147.98,127,24.67,6400.08,OPT
2025-10-20 06:50:48,qwen3-30b,16,1024,8000,20,2048,0,SUCCESS,15.03,NONE,5956.62,1182.98,889,751.49,5088.18,127,24.96,6321.88,OPT
2025-10-20 06:51:03,qwen3-30b,16,1024,8000,20,2048,1,SUCCESS,15.02,NONE,5980.02,1164.05,889,763.72,5079.15,127,25.00,6294.04,OPT
2025-10-20 06:52:08,qwen3-30b,16,4096,8000,20,1024,0,SUCCESS,21.04,NONE,5970.57,4443.19,3935,885.62,8326.77,127,15.25,12830.12,OPT
2025-10-20 06:52:29,qwen3-30b,16,4096,8000,20,1024,1,SUCCESS,21.05,NONE,6026.10,4452.26,3935,883.82,8311.36,127,15.28,12824.22,OPT
2025-10-20 06:53:14,qwen3-30b,16,4096,8000,18,2048,0,SUCCESS,20.05,NONE,5852.98,2897.49,3935,1358.07,8734.56,127,14.54,11692.48,OPT
2025-10-20 06:53:34,qwen3-30b,16,4096,8000,18,2048,1,SUCCESS,20.06,NONE,5886.68,2913.79,3935,1350.47,8765.63,127,14.49,11739.84,OPT
2025-10-20 06:56:20,qwen3-30b,16,16384,8000,19,1024,0,SUCCESS,52.1,NONE,5974.72,18264.15,15734,861.47,25548.33,127,4.97,43906.89,OPT
2025-10-20 06:57:12,qwen3-30b,16,16384,8000,19,1024,1,SUCCESS,52.11,NONE,6052.26,18092.00,15734,869.67,25719.58,127,4.94,43905.02,OPT
2025-10-20 06:58:54,qwen3-30b,16,16384,8000,17,2048,0,SUCCESS,47.14,NONE,5923.21,11801.67,15734,1333.20,27051.10,127,4.69,38947.41,OPT
2025-10-20 06:59:41,qwen3-30b,16,16384,8000,17,2048,1,SUCCESS,47.1,NONE,5913.43,11836.93,15734,1329.23,27514.17,127,4.62,39445.28,OPT
2025-10-20 07:00:39,qwen3-30b,16,1024,12000,32,1024,0,SUCCESS,14.02,NONE,6674.44,783.41,889,1134.78,4076.57,127,31.15,4911.25,OPT
2025-10-20 07:00:53,qwen3-30b,16,1024,12000,32,1024,1,SUCCESS,14.02,NONE,6703.66,780.69,889,1138.74,4424.93,127,28.70,5256.93,OPT
2025-10-20 07:01:49,qwen3-30b,16,1024,12000,32,2048,0,SUCCESS,14.04,NONE,6741.07,770.18,889,1154.27,4320.88,127,29.39,5142.01,OPT
2025-10-20 07:02:03,qwen3-30b,16,1024,12000,32,2048,1,SUCCESS,14.02,NONE,6731.39,762.88,889,1165.32,4133.08,127,30.73,4947.06,OPT
2025-10-20 07:03:06,qwen3-30b,16,4096,12000,31,1024,0,SUCCESS,18.03,NONE,6652.83,3022.41,3935,1301.94,6354.76,127,19.99,9438.34,OPT
2025-10-20 07:03:24,qwen3-30b,16,4096,12000,31,1024,1,SUCCESS,18.03,NONE,6647.09,3018.60,3935,1303.58,6170.56,127,20.58,9249.55,OPT
2025-10-20 07:04:25,qwen3-30b,16,4096,12000,30,2048,0,SUCCESS,17.03,NONE,6588.03,2060.49,3935,1909.74,6373.97,127,19.92,8494.51,OPT
2025-10-20 07:04:42,qwen3-30b,16,4096,12000,30,2048,1,SUCCESS,17.05,NONE,6584.42,2054.32,3935,1915.48,6334.57,127,20.05,8449.01,OPT
2025-10-20 07:06:56,qwen3-30b,16,16384,12000,29,1024,0,SUCCESS,40.07,NONE,6593.97,13420.60,15734,1172.38,17759.14,127,7.15,31274.12,OPT
2025-10-20 07:07:36,qwen3-30b,16,16384,12000,29,1024,1,SUCCESS,40.07,NONE,6595.74,13431.20,15734,1171.45,18082.71,127,7.02,31607.71,OPT
2025-10-20 07:09:39,qwen3-30b,16,16384,12000,28,2048,0,SUCCESS,37.08,NONE,6570.65,9049.60,15734,1738.64,18423.07,127,6.89,27568.01,OPT
2025-10-20 07:10:16,qwen3-30b,16,16384,12000,28,2048,1,SUCCESS,37.06,NONE,6568.74,8879.57,15734,1771.93,18656.05,127,6.81,27629.80,OPT
2025-10-20 07:11:17,qwen3-30b,16,1024,16000,44,1024,0,SUCCESS,13.02,NONE,7475.31,429.53,889,2069.71,3032.91,127,41.87,3518.37,OPT
2025-10-20 07:11:30,qwen3-30b,16,1024,16000,44,1024,1,SUCCESS,13.02,NONE,7455.74,439.30,889,2023.69,3021.21,127,42.04,3514.38,OPT
2025-10-20 07:12:23,qwen3-30b,16,1024,16000,44,2048,0,SUCCESS,13.02,NONE,7468.35,437.47,889,2032.16,3054.21,127,41.58,3544.82,OPT
2025-10-20 07:12:36,qwen3-30b,16,1024,16000,44,2048,1,SUCCESS,13.02,NONE,7501.57,438.27,889,2028.44,3083.19,127,41.19,3575.52,OPT
2025-10-20 07:13:33,qwen3-30b,16,4096,16000,43,1024,0,SUCCESS,15.02,NONE,7405.54,1639.00,3935,2400.85,3902.49,127,32.54,5600.85,OPT
2025-10-20 07:13:49,qwen3-30b,16,4096,16000,43,1024,1,SUCCESS,15.02,NONE,7420.45,1662.34,3935,2367.15,3801.26,127,33.41,5523.56,OPT
2025-10-20 07:14:44,qwen3-30b,16,4096,16000,41,2048,0,SUCCESS,15.03,NONE,7301.04,1425.69,3935,2760.07,4241.79,127,29.94,5727.84,OPT
2025-10-20 07:14:59,qwen3-30b,16,4096,16000,41,2048,1,SUCCESS,15.02,NONE,7261.74,1448.68,3935,2716.26,4336.76,127,29.28,5846.76,OPT
2025-10-20 07:16:16,qwen3-30b,16,16384,16000,40,1024,0,SUCCESS,27.05,NONE,7335.31,8341.49,15734,1886.23,9457.68,127,13.43,17893.72,OPT
2025-10-20 07:16:43,qwen3-30b,16,16384,16000,40,1024,1,SUCCESS,27.05,NONE,7242.36,8231.54,15734,1911.43,9333.46,127,13.61,17659.92,OPT
2025-10-20 07:18:17,qwen3-30b,16,16384,16000,39,2048,0,SUCCESS,26.05,NONE,7248.49,6421.34,15734,2450.27,9957.19,127,12.75,16473.16,OPT
2025-10-20 07:18:43,qwen3-30b,16,16384,16000,39,2048,1,SUCCESS,26.06,NONE,7182.49,6354.50,15734,2476.04,9921.71,127,12.80,16370.41,OPT
2025-10-20 07:19:19,qwen3-30b,16,1024,24000,49,1024,0,SUCCESS,11.02,NONE,7760.86,318.42,889,2791.94,788.25,127,161.12,1153.41,OPT
2025-10-20 07:19:30,qwen3-30b,16,1024,24000,49,1024,1,SUCCESS,11.02,NONE,7711.82,320.44,889,2774.35,788.93,127,160.98,1158.61,OPT
2025-10-20 07:20:06,qwen3-30b,16,1024,24000,49,2048,0,SUCCESS,11.02,NONE,7731.47,317.96,889,2795.92,789.23,127,160.92,1154.14,OPT
2025-10-20 07:20:17,qwen3-30b,16,1024,24000,49,2048,1,SUCCESS,11.02,NONE,7774.60,320.91,889,2770.23,788.09,127,161.15,1157.19,OPT
2025-10-20 07:20:56,qwen3-30b,16,4096,24000,49,1024,0,SUCCESS,12.02,NONE,7763.64,1096.02,3935,3590.27,872.55,127,145.55,2024.63,OPT
2025-10-20 07:21:08,qwen3-30b,16,4096,24000,49,1024,1,SUCCESS,12.02,NONE,7792.49,1104.02,3935,3564.24,874.34,127,145.25,2037.64,OPT
2025-10-20 07:22:01,qwen3-30b,16,4096,24000,49,2048,0,SUCCESS,12.02,NONE,7764.84,1025.98,3935,3835.34,885.45,127,143.43,1978.56,OPT
2025-10-20 07:22:14,qwen3-30b,16,4096,24000,49,2048,1,SUCCESS,12.02,NONE,7779.51,1027.21,3935,3830.78,883.03,127,143.82,1974.25,OPT
2025-10-20 07:23:28,qwen3-30b,16,16384,24000,49,1024,0,SUCCESS,16.02,NONE,7756.26,4567.98,15734,3444.41,1180.27,127,107.60,5856.06,OPT
2025-10-20 07:23:44,qwen3-30b,16,16384,24000,49,1024,1,SUCCESS,16.02,NONE,7841.91,4561.79,15734,3449.08,1189.96,127,106.73,5864.41,OPT
2025-10-20 07:24:55,qwen3-30b,16,16384,24000,49,2048,0,SUCCESS,16.02,NONE,7761.28,4284.31,15734,3672.47,1184.65,127,107.20,5565.09,OPT
2025-10-20 07:25:11,qwen3-30b,16,16384,24000,49,2048,1,SUCCESS,16.02,NONE,7847.98,4275.96,15734,3679.64,1178.38,127,107.77,5544.09,OPT
2025-10-20 07:29:42,qwen3-235b,16,1024,2000,1,1024,0,SUCCESS,68.28,NONE,28275.58,11794.02,889,75.38,20905.48,127,6.07,32750.21,OPT
2025-10-20 07:30:50,qwen3-235b,16,1024,2000,1,1024,1,SUCCESS,68.27,NONE,28182.51,11843.63,889,75.06,20819.96,127,6.10,32714.62,OPT
2025-10-20 07:33:06,qwen3-235b,16,1024,2000,1,2048,0,SUCCESS,68.2,NONE,28155.21,11816.80,889,75.23,20774.14,127,6.11,32643.35,OPT
2025-10-20 07:34:15,qwen3-235b,16,1024,2000,1,2048,1,SUCCESS,69.22,NONE,28297.12,11909.51,889,74.65,20862.84,127,6.09,32823.35,OPT
2025-10-20 07:37:52,qwen3-235b,16,4096,2000,1,1024,0,SUCCESS,108.26,NONE,28179.55,33469.86,3935,117.57,38919.85,127,3.26,72450.06,OPT
2025-10-20 07:39:41,qwen3-235b,16,4096,2000,1,1024,1,SUCCESS,109.26,NONE,28144.54,33713.32,3935,116.72,39500.06,127,3.22,73276.24,OPT
2025-10-20 07:41:23,qwen3-235b,16,4096,2000,0,2048,0,SUCCESS,95.3,NONE,28242.28,20807.53,3935,189.11,38912.48,127,3.26,59779.98,OPT
2025-10-20 07:42:59,qwen3-235b,16,4096,2000,0,2048,1,SUCCESS,96.26,NONE,28073.06,20504.69,3935,191.91,40439.19,127,3.14,61003.86,OPT
2025-10-20 07:48:09,qwen3-235b,16,16384,2000,0,1024,0,SUCCESS,302.82,NONE,28430.69,121505.49,15734,129.49,145615.59,127,0.87,267217.38,OPT
2025-10-20 07:53:11,qwen3-235b,16,16384,2000,0,1024,1,SUCCESS,301.87,NONE,28414.81,121197.92,15734,129.82,145114.59,127,0.88,266417.03,OPT
2025-10-20 07:57:21,qwen3-235b,16,16384,2000,0,2048,0,SUCCESS,250.8,NONE,28392.62,69929.17,15734,225.00,145209.48,127,0.87,215232.93,OPT
2025-10-20 08:01:33,qwen3-235b,16,16384,2000,0,2048,1,SUCCESS,251.76,NONE,28437.93,71018.74,15734,221.55,144913.97,127,0.88,216028.17,OPT
2025-10-20 08:03:46,qwen3-235b,16,1024,3000,2,1024,0,SUCCESS,68.22,NONE,28309.06,11811.19,889,75.27,20686.73,127,6.14,32548.91,OPT
2025-10-20 08:04:55,qwen3-235b,16,1024,3000,2,1024,1,SUCCESS,69.21,NONE,28387.93,11866.11,889,74.92,20851.00,127,6.09,32768.26,OPT
2025-10-20 08:07:11,qwen3-235b,16,1024,3000,2,2048,0,SUCCESS,68.19,NONE,28295.44,11843.19,889,75.06,20816.99,127,6.10,32712.93,OPT
2025-10-20 08:08:19,qwen3-235b,16,1024,3000,2,2048,1,SUCCESS,68.22,NONE,28319.26,11774.18,889,75.50,20777.18,127,6.11,32602.20,OPT
2025-10-20 08:11:56,qwen3-235b,16,4096,3000,2,1024,0,SUCCESS,109.27,NONE,28384.69,33157.23,3935,118.68,39556.74,127,3.21,72774.14,OPT
2025-10-20 08:13:46,qwen3-235b,16,4096,3000,2,1024,1,SUCCESS,110.25,NONE,28295.87,33019.25,3935,119.17,41610.39,127,3.05,74692.53,OPT
2025-10-20 08:15:26,qwen3-235b,16,4096,3000,1,2048,0,SUCCESS,93.22,NONE,28312.76,20351.96,3935,193.35,37446.75,127,3.39,57859.37,OPT
2025-10-20 08:17:03,qwen3-235b,16,4096,3000,1,2048,1,SUCCESS,96.25,NONE,28240.37,20596.91,3935,191.05,40217.08,127,3.16,60873.87,OPT
2025-10-20 08:26:58,qwen3-235b,16,16384,3000,2,1024,0,SUCCESS,296.79,NONE,28730.49,119072.53,15734,132.14,141625.53,127,0.90,260795.32,OPT
2025-10-20 08:31:56,qwen3-235b,16,16384,3000,2,1024,1,SUCCESS,297.81,NONE,28677.05,118595.63,15734,132.67,142610.71,127,0.89,261301.18,OPT
2025-10-20 08:40:19,qwen3-235b,16,16384,3000,1,2048,0,SUCCESS,250.75,NONE,28667.57,70420.89,15734,223.43,143939.73,127,0.88,214454.12,OPT
2025-10-20 08:44:29,qwen3-235b,16,16384,3000,1,2048,1,SUCCESS,250.71,NONE,28644.19,69952.29,15734,224.92,144100.69,127,0.88,214148.34,OPT
2025-10-20 08:46:45,qwen3-235b,16,1024,4000,3,1024,0,SUCCESS,68.2,NONE,28403.25,11599.01,889,76.64,20626.48,127,6.16,32276.65,OPT
2025-10-20 08:47:52,qwen3-235b,16,1024,4000,3,1024,1,SUCCESS,67.21,NONE,28284.24,11594.04,889,76.68,20585.63,127,6.17,32231.48,OPT
2025-10-20 08:50:08,qwen3-235b,16,1024,4000,3,2048,0,SUCCESS,68.22,NONE,28415.59,11586.85,889,76.72,20590.68,127,6.17,32228.92,OPT
2025-10-20 08:51:17,qwen3-235b,16,1024,4000,3,2048,1,SUCCESS,68.25,NONE,28486.22,11668.98,889,76.18,20575.09,127,6.17,32295.14,OPT
2025-10-20 08:54:52,qwen3-235b,16,4096,4000,3,1024,0,SUCCESS,106.26,NONE,28484.85,32355.82,3935,121.62,37963.08,127,3.35,70379.56,OPT
2025-10-20 08:56:37,qwen3-235b,16,4096,4000,3,1024,1,SUCCESS,105.24,NONE,28408.90,32475.70,3935,121.17,37168.76,127,3.42,69704.96,OPT
2025-10-20 08:58:20,qwen3-235b,16,4096,4000,2,2048,0,SUCCESS,95.23,NONE,28297.61,20611.77,3935,190.91,38622.23,127,3.29,59294.06,OPT
2025-10-20 08:59:55,qwen3-235b,16,4096,4000,2,2048,1,SUCCESS,95.26,NONE,28343.67,20528.76,3935,191.68,39153.95,127,3.24,59742.73,OPT
2025-10-20 09:09:51,qwen3-235b,16,16384,4000,3,1024,0,SUCCESS,296.77,NONE,28778.22,119979.63,15734,131.14,140526.90,127,0.90,260600.21,OPT
2025-10-20 09:14:45,qwen3-235b,16,16384,4000,3,1024,1,SUCCESS,294.85,NONE,28748.90,118585.65,15734,132.68,140496.63,127,0.90,259178.15,OPT
2025-10-20 09:23:04,qwen3-235b,16,16384,4000,2,2048,0,SUCCESS,247.73,NONE,28750.55,68930.35,15734,228.26,142433.30,127,0.89,211457.71,OPT
2025-10-20 09:27:12,qwen3-235b,16,16384,4000,2,2048,1,SUCCESS,247.73,NONE,28647.79,69638.07,15734,225.94,142047.19,127,0.89,211779.04,OPT
2025-10-20 09:29:29,qwen3-235b,16,1024,5000,4,1024,0,SUCCESS,68.22,NONE,28462.60,11707.03,889,75.94,20380.42,127,6.23,32139.86,OPT
2025-10-20 09:30:37,qwen3-235b,16,1024,5000,4,1024,1,SUCCESS,68.18,NONE,28711.91,11692.93,889,76.03,20266.43,127,6.27,32010.15,OPT
2025-10-20 09:32:54,qwen3-235b,16,1024,5000,4,2048,0,SUCCESS,68.17,NONE,28537.37,11644.99,889,76.34,20692.93,127,6.14,32389.08,OPT
2025-10-20 09:34:02,qwen3-235b,16,1024,5000,4,2048,1,SUCCESS,68.21,NONE,28463.46,11705.01,889,75.95,20359.43,127,6.24,32115.66,OPT
2025-10-20 09:37:34,qwen3-235b,16,4096,5000,4,1024,0,SUCCESS,106.24,NONE,28626.58,32595.16,3935,120.72,37503.93,127,3.39,70159.36,OPT
2025-10-20 09:39:22,qwen3-235b,16,4096,5000,4,1024,1,SUCCESS,107.29,NONE,28494.66,32825.14,3935,119.88,38339.08,127,3.31,71224.88,OPT
2025-10-20 09:41:05,qwen3-235b,16,4096,5000,3,2048,0,SUCCESS,95.28,NONE,28518.04,20287.06,3935,193.97,38779.28,127,3.27,59128.18,OPT
2025-10-20 09:42:38,qwen3-235b,16,4096,5000,3,2048,1,SUCCESS,93.24,NONE,28366.52,20268.33,3935,194.15,37275.34,127,3.41,57606.69,OPT
2025-10-20 09:52:27,qwen3-235b,16,16384,5000,4,1024,0,SUCCESS,292.82,NONE,28866.49,117243.25,15734,134.20,139134.64,127,0.91,256471.61,OPT
2025-10-20 09:57:21,qwen3-235b,16,16384,5000,4,1024,1,SUCCESS,293.79,NONE,28893.15,118087.14,15734,133.24,139185.52,127,0.91,257366.91,OPT
2025-10-20 10:05:35,qwen3-235b,16,16384,5000,3,2048,0,SUCCESS,246.69,NONE,28742.42,68717.90,15734,228.97,141211.71,127,0.90,210023.63,OPT
2025-10-20 10:09:43,qwen3-235b,16,16384,5000,3,2048,1,SUCCESS,247.73,NONE,28819.79,69392.54,15734,226.74,141448.83,127,0.90,210936.98,OPT
2025-10-20 10:12:00,qwen3-235b,16,1024,6000,5,1024,0,SUCCESS,68.23,NONE,28504.79,11667.72,889,76.19,20148.80,127,6.30,31868.40,OPT
2025-10-20 10:13:07,qwen3-235b,16,1024,6000,5,1024,1,SUCCESS,67.19,NONE,28579.13,11580.71,889,76.77,20149.15,127,6.30,31781.04,OPT
2025-10-20 10:15:28,qwen3-235b,16,1024,6000,5,2048,0,SUCCESS,72.23,NONE,28923.99,10494.94,889,84.71,25452.33,127,4.99,35998.34,OPT
2025-10-20 10:16:37,qwen3-235b,16,1024,6000,5,2048,1,SUCCESS,69.24,NONE,28869.93,11523.15,889,77.15,20238.23,127,6.28,31812.35,OPT
2025-10-20 10:20:08,qwen3-235b,16,4096,6000,5,1024,0,SUCCESS,104.28,NONE,28705.17,31693.41,3935,124.16,36005.07,127,3.53,67758.46,OPT
2025-10-20 10:21:53,qwen3-235b,16,4096,6000,5,1024,1,SUCCESS,105.25,NONE,28584.59,32196.99,3935,122.22,37132.41,127,3.42,69389.68,OPT
2025-10-20 10:23:33,qwen3-235b,16,4096,6000,4,2048,0,SUCCESS,92.24,NONE,28566.45,20142.68,3935,195.36,36279.31,127,3.50,56484.57,OPT
2025-10-20 10:25:10,qwen3-235b,16,4096,6000,4,2048,1,SUCCESS,97.24,NONE,28565.90,20296.16,3935,193.88,40717.10,127,3.12,61075.76,OPT
2025-10-20 10:34:57,qwen3-235b,16,16384,6000,5,1024,0,SUCCESS,291.85,NONE,28961.35,117576.72,15734,133.82,138359.59,127,0.92,256030.02,OPT
2025-10-20 10:39:49,qwen3-235b,16,16384,6000,5,1024,1,SUCCESS,291.76,NONE,28909.96,117246.19,15734,134.20,138457.31,127,0.92,255798.85,OPT
2025-10-20 10:48:00,qwen3-235b,16,16384,6000,4,2048,0,SUCCESS,244.75,NONE,28850.50,67926.58,15734,231.63,139738.64,127,0.91,207760.23,OPT
2025-10-20 10:52:04,qwen3-235b,16,16384,6000,4,2048,1,SUCCESS,243.74,NONE,28909.45,67354.00,15734,233.60,139724.50,127,0.91,207178.34,OPT
2025-10-20 10:55:30,qwen3-235b,16,1024,8000,7,1024,0,SUCCESS,67.2,NONE,28684.32,11414.50,889,77.88,19840.66,127,6.40,31306.38,OPT
2025-10-20 10:56:37,qwen3-235b,16,1024,8000,7,1024,1,SUCCESS,67.21,NONE,28739.62,11327.78,889,78.48,19769.10,127,6.42,31147.86,OPT
2025-10-20 10:58:51,qwen3-235b,16,1024,8000,7,2048,0,SUCCESS,67.16,NONE,28799.61,11424.05,889,77.82,20021.49,127,6.34,31496.65,OPT
2025-10-20 10:59:59,qwen3-235b,16,1024,8000,7,2048,1,SUCCESS,68.17,NONE,28741.08,11536.14,889,77.06,19947.31,127,6.37,31534.83,OPT
2025-10-20 11:03:29,qwen3-235b,16,4096,8000,7,1024,0,SUCCESS,104.25,NONE,29092.01,31628.08,3935,124.41,36024.51,127,3.53,67712.52,OPT
2025-10-20 11:05:16,qwen3-235b,16,4096,8000,7,1024,1,SUCCESS,107.2,NONE,28874.07,31936.38,3935,123.21,38797.97,127,3.27,70794.04,OPT
2025-10-20 11:09:59,qwen3-235b,16,4096,8000,7,2048,0,SUCCESS,93.23,NONE,28788.04,19677.71,3935,199.97,37107.55,127,3.42,56845.90,OPT
2025-10-20 11:11:32,qwen3-235b,16,4096,8000,7,2048,1,SUCCESS,93.22,NONE,28949.81,20015.26,3935,196.60,36738.89,127,3.46,56816.25,OPT
2025-10-20 11:21:09,qwen3-235b,16,16384,8000,7,1024,0,SUCCESS,285.75,NONE,29271.26,113765.63,15734,138.30,135134.02,127,0.94,248996.81,OPT
2025-10-20 11:25:56,qwen3-235b,16,16384,8000,7,1024,1,SUCCESS,287.7,NONE,29214.06,114872.62,15734,136.97,135709.86,127,0.94,250680.52,OPT
2025-10-20 11:34:10,qwen3-235b,16,16384,8000,6,2048,0,SUCCESS,241.7,NONE,28995.32,68121.67,15734,230.97,137071.18,127,0.93,205287.23,OPT
2025-10-20 11:38:11,qwen3-235b,16,16384,8000,6,2048,1,SUCCESS,240.67,NONE,29048.03,67096.73,15734,234.50,136194.79,127,0.93,203385.38,OPT
2025-10-20 11:41:41,qwen3-235b,16,1024,12000,12,1024,0,SUCCESS,66.17,NONE,29196.04,10242.33,889,86.80,18853.85,127,6.74,29147.56,OPT
2025-10-20 11:42:47,qwen3-235b,16,1024,12000,12,1024,1,SUCCESS,66.19,NONE,29234.30,10278.95,889,86.49,19017.43,127,6.68,29348.32,OPT
2025-10-20 11:46:06,qwen3-235b,16,1024,12000,12,2048,0,SUCCESS,65.21,NONE,29247.17,10213.60,889,87.04,18959.58,127,6.70,29224.07,OPT
2025-10-20 11:47:12,qwen3-235b,16,1024,12000,12,2048,1,SUCCESS,66.21,NONE,29255.49,10224.95,889,86.94,18936.09,127,6.71,29212.17,OPT
2025-10-20 11:52:19,qwen3-235b,16,4096,12000,12,1024,0,SUCCESS,100.24,NONE,29353.70,29210.98,3935,134.71,34333.19,127,3.70,63604.12,OPT
2025-10-20 11:54:01,qwen3-235b,16,4096,12000,12,1024,1,SUCCESS,102.22,NONE,29277.89,29338.86,3935,134.12,35936.42,127,3.53,65335.47,OPT
2025-10-20 11:57:15,qwen3-235b,16,4096,12000,11,2048,0,SUCCESS,90.22,NONE,29290.15,18726.65,3935,210.13,34972.18,127,3.63,53759.82,OPT
2025-10-20 11:58:45,qwen3-235b,16,4096,12000,11,2048,1,SUCCESS,90.24,NONE,29558.07,18356.99,3935,214.36,35008.41,127,3.63,53425.66,OPT
2025-10-20 12:12:32,qwen3-235b,16,16384,12000,12,1024,0,SUCCESS,267.8,NONE,29745.44,101680.69,15734,154.74,128486.10,127,0.99,230259.38,OPT
2025-10-20 12:17:06,qwen3-235b,16,16384,12000,12,1024,1,SUCCESS,273.73,NONE,29778.42,107880.04,15734,145.85,128071.70,127,0.99,236044.78,OPT
2025-10-20 12:28:48,qwen3-235b,16,16384,12000,11,2048,0,SUCCESS,231.65,NONE,29684.54,64485.16,15734,243.99,129496.78,127,0.98,194074.00,OPT
2025-10-20 12:32:40,qwen3-235b,16,16384,12000,11,2048,1,SUCCESS,231.68,NONE,29515.89,64549.68,15734,243.75,129666.42,127,0.98,194308.45,OPT
2025-10-20 12:36:02,qwen3-235b,16,1024,16000,17,1024,0,SUCCESS,65.18,NONE,29560.92,9553.97,889,93.05,18192.77,127,6.98,27797.69,OPT
2025-10-20 12:37:07,qwen3-235b,16,1024,16000,17,1024,1,SUCCESS,65.18,NONE,29889.60,9601.04,889,92.59,18263.67,127,6.95,27915.69,OPT
2025-10-20 12:40:23,qwen3-235b,16,1024,16000,17,2048,0,SUCCESS,65.18,NONE,29731.02,9610.60,889,92.50,18242.41,127,6.96,27905.23,OPT
2025-10-20 12:41:28,qwen3-235b,16,1024,16000,17,2048,1,SUCCESS,65.21,NONE,29748.98,9564.15,889,92.95,18425.60,127,6.89,28040.87,OPT
2025-10-20 12:46:21,qwen3-235b,16,4096,16000,17,1024,0,SUCCESS,95.24,NONE,29689.85,27652.09,3935,142.30,30107.36,127,4.22,57820.23,OPT
2025-10-20 12:47:59,qwen3-235b,16,4096,16000,17,1024,1,SUCCESS,98.21,NONE,29671.78,27792.85,3935,141.58,32677.76,127,3.89,60530.80,OPT
2025-10-20 12:51:08,qwen3-235b,16,4096,16000,16,2048,0,SUCCESS,87.22,NONE,29980.63,17241.04,3935,228.23,31893.19,127,3.98,49194.54,OPT
2025-10-20 12:52:34,qwen3-235b,16,4096,16000,16,2048,1,SUCCESS,86.21,NONE,29705.59,17129.70,3935,229.72,31920.70,127,3.98,49110.69,OPT
2025-10-20 13:01:40,qwen3-235b,16,16384,16000,16,1024,0,SUCCESS,264.78,NONE,30054.26,103591.53,15734,151.89,123199.05,127,1.03,226884.86,OPT
2025-10-20 13:06:04,qwen3-235b,16,16384,16000,16,1024,1,SUCCESS,263.66,NONE,30063.91,104263.19,15734,150.91,122061.31,127,1.04,226423.11,OPT
2025-10-20 13:17:17,qwen3-235b,16,16384,16000,16,2048,0,SUCCESS,221.64,NONE,29944.95,60866.57,15734,258.50,122646.63,127,1.04,183606.21,OPT
2025-10-20 13:20:58,qwen3-235b,16,16384,16000,16,2048,1,SUCCESS,220.59,NONE,30079.08,60322.68,15734,260.83,122188.59,127,1.04,182604.32,OPT
2025-10-20 13:24:27,qwen3-235b,16,1024,24000,27,1024,0,SUCCESS,63.16,NONE,30406.71,8247.34,889,107.79,16755.78,127,7.58,25054.37,OPT
2025-10-20 13:25:30,qwen3-235b,16,1024,24000,27,1024,1,SUCCESS,63.16,NONE,30541.89,8144.61,889,109.15,16773.62,127,7.57,24969.57,OPT
2025-10-20 13:29:44,qwen3-235b,16,1024,24000,27,2048,0,SUCCESS,63.2,NONE,30681.81,8215.16,889,108.21,16663.83,127,7.62,24931.74,OPT
2025-10-20 13:30:47,qwen3-235b,16,1024,24000,27,2048,1,SUCCESS,63.15,NONE,30565.10,8205.53,889,108.34,16519.47,127,7.69,24777.84,OPT
2025-10-20 13:35:43,qwen3-235b,16,4096,24000,26,1024,0,SUCCESS,92.22,NONE,30552.40,25233.89,3935,155.94,28814.17,127,4.41,54107.85,OPT
2025-10-20 13:37:15,qwen3-235b,16,4096,24000,26,1024,1,SUCCESS,92.22,NONE,30541.92,25195.98,3935,156.18,28714.84,127,4.42,53970.92,OPT
2025-10-20 13:42:46,qwen3-235b,16,4096,24000,26,2048,0,SUCCESS,82.21,NONE,30515.71,15716.30,3935,250.38,28864.88,127,4.40,44641.12,OPT
2025-10-20 13:44:08,qwen3-235b,16,4096,24000,26,2048,1,SUCCESS,82.2,NONE,30585.74,15578.66,3935,252.59,28599.88,127,4.44,44241.47,OPT
2025-10-20 14:00:22,qwen3-235b,16,16384,24000,26,1024,0,SUCCESS,238.6,NONE,30721.17,92791.33,15734,169.56,106875.73,127,1.19,199759.82,OPT
2025-10-20 14:04:20,qwen3-235b,16,16384,24000,26,1024,1,SUCCESS,238.56,NONE,30763.47,92915.06,15734,169.34,106789.35,127,1.19,199797.19,OPT
2025-10-20 14:14:55,qwen3-235b,16,16384,24000,25,2048,0,SUCCESS,202.61,NONE,30882.07,55912.96,15734,281.40,108158.70,127,1.17,164164.61,OPT
2025-10-20 14:18:17,qwen3-235b,16,16384,24000,25,2048,1,SUCCESS,202.54,NONE,30689.66,55443.99,15734,283.78,108619.66,127,1.17,164156.32,OPT
2025-10-20 14:21:53,qwen3-235b,16,1024,32000,36,1024,0,SUCCESS,61.16,NONE,31363.81,6922.62,889,128.42,14988.08,127,8.47,21961.34,OPT
2025-10-20 14:22:54,qwen3-235b,16,1024,32000,36,1024,1,SUCCESS,61.11,NONE,31228.82,7036.27,889,126.35,14992.26,127,8.47,22078.74,OPT
2025-10-20 14:27:01,qwen3-235b,16,1024,32000,36,2048,0,SUCCESS,62.13,NONE,31699.84,6975.57,889,127.44,15041.13,127,8.44,22067.12,OPT
2025-10-20 14:28:02,qwen3-235b,16,1024,32000,36,2048,1,SUCCESS,61.13,NONE,31318.67,6972.15,889,127.51,15004.47,127,8.46,22027.31,OPT
2025-10-20 14:33:49,qwen3-235b,16,4096,32000,36,1024,0,SUCCESS,85.19,NONE,31252.46,21693.92,3935,181.39,24098.47,127,5.27,45854.63,OPT
2025-10-20 14:35:15,qwen3-235b,16,4096,32000,36,1024,1,SUCCESS,85.16,NONE,31262.36,21638.93,3935,181.85,24341.92,127,5.22,46039.98,OPT
2025-10-20 14:39:32,qwen3-235b,16,4096,32000,35,2048,0,SUCCESS,78.19,NONE,31212.09,13986.45,3935,281.34,25558.05,127,4.97,39604.51,OPT
2025-10-20 14:40:50,qwen3-235b,16,4096,32000,35,2048,1,SUCCESS,78.17,NONE,31307.16,14016.08,3935,280.75,24896.42,127,5.10,38974.36,OPT
2025-10-20 14:52:11,qwen3-235b,16,16384,32000,35,1024,0,SUCCESS,215.52,NONE,31309.04,83457.91,15734,188.53,93180.30,127,1.36,176731.15,OPT
2025-10-20 14:55:47,qwen3-235b,16,16384,32000,35,1024,1,SUCCESS,215.57,NONE,31532.91,83357.18,15734,188.75,93416.06,127,1.36,176866.04,OPT
2025-10-20 15:05:32,qwen3-235b,16,16384,32000,34,2048,0,SUCCESS,184.47,NONE,31474.67,50771.36,15734,309.90,95019.10,127,1.34,145882.59,OPT
2025-10-20 15:08:38,qwen3-235b,16,16384,32000,34,2048,1,SUCCESS,185.51,NONE,31499.07,51160.14,15734,307.54,94635.20,127,1.34,145888.32,OPT
2025-10-20 17:49:54,minitron-4b,16,65536,2000,1,1024,0,SUCCESS,208.3,NONE,3920.91,79812.87,64530,808.52,122653.23,127,1.04,202771.95,OPT
2025-10-20 17:53:27,minitron-4b,16,65536,2000,1,1024,1,SUCCESS,212.93,NONE,3911.03,84266.22,64530,765.79,122321.22,127,1.04,206893.05,OPT
2025-10-20 17:56:26,minitron-4b,16,65536,2000,0,2048,0,SUCCESS,175.55,NONE,3855.86,41554.58,64530,1552.90,127597.09,127,1.00,169454.77,OPT
2025-10-20 17:59:19,minitron-4b,16,65536,2000,0,2048,1,SUCCESS,173.22,NONE,3903.61,41536.40,64530,1553.58,125651.52,127,1.01,167500.73,OPT
2025-10-20 18:06:18,minitron-4b,16,65536,3000,3,1024,0,SUCCESS,200.78,NONE,3880.46,79914.83,64530,807.48,115192.37,127,1.10,195419.08,OPT
2025-10-20 18:09:39,minitron-4b,16,65536,3000,3,1024,1,SUCCESS,200.68,NONE,3859.74,79547.01,64530,811.22,115168.27,127,1.10,195028.17,OPT
2025-10-20 18:15:12,minitron-4b,16,65536,3000,2,2048,0,SUCCESS,162.22,NONE,3886.64,37631.84,64530,1714.77,118721.30,127,1.07,156656.49,OPT
2025-10-20 18:17:54,minitron-4b,16,65536,3000,2,2048,1,SUCCESS,162.22,NONE,3848.62,37851.71,64530,1704.81,118153.48,127,1.07,156319.66,OPT
2025-10-20 18:24:28,minitron-4b,16,65536,4000,5,1024,0,SUCCESS,189.24,NONE,3862.99,75770.67,64530,851.65,107287.17,127,1.18,183363.88,OPT
2025-10-20 18:27:37,minitron-4b,16,65536,4000,5,1024,1,SUCCESS,189.22,NONE,3870.23,75923.57,64530,849.93,107700.37,127,1.18,183935.97,OPT
2025-10-20 18:32:54,minitron-4b,16,65536,4000,4,2048,0,SUCCESS,155.19,NONE,3841.59,37844.70,64530,1705.13,111100.69,127,1.14,149249.42,OPT
2025-10-20 18:35:27,minitron-4b,16,65536,4000,4,2048,1,SUCCESS,153.19,NONE,3874.79,36201.79,64530,1782.51,111089.31,127,1.14,147594.34,OPT
2025-10-20 18:41:38,minitron-4b,16,65536,5000,7,1024,0,SUCCESS,177.22,NONE,3889.77,71180.71,64530,906.57,100255.38,127,1.27,171741.40,OPT
2025-10-20 18:44:37,minitron-4b,16,65536,5000,7,1024,1,SUCCESS,178.22,NONE,3875.23,71919.73,64530,897.25,100217.40,127,1.27,172443.52,OPT
2025-10-20 18:49:35,minitron-4b,16,65536,5000,6,2048,0,SUCCESS,146.18,NONE,3899.20,36195.45,64530,1782.82,104122.34,127,1.22,140625.48,OPT
2025-10-20 18:52:00,minitron-4b,16,65536,5000,6,2048,1,SUCCESS,145.18,NONE,3864.20,35780.42,64530,1803.50,103812.31,127,1.22,139898.57,OPT
2025-10-20 18:57:40,minitron-4b,16,65536,6000,10,1024,0,SUCCESS,161.19,NONE,3830.74,65229.65,64530,989.27,89589.92,127,1.42,155121.95,OPT
2025-10-20 19:00:21,minitron-4b,16,65536,6000,10,1024,1,SUCCESS,161.22,NONE,3834.22,65647.54,64530,982.98,89736.21,127,1.42,155688.81,OPT
2025-10-20 19:02:41,minitron-4b,16,65536,6000,8,2048,0,SUCCESS,137.18,NONE,3874.69,34558.12,64530,1867.29,96226.47,127,1.32,131093.73,OPT
2025-10-20 19:04:58,minitron-4b,16,65536,6000,8,2048,1,SUCCESS,137.18,NONE,3857.14,34899.74,64530,1849.01,96448.37,127,1.32,131657.38,OPT
2025-10-20 19:12:03,minitron-4b,16,65536,8000,14,1024,0,SUCCESS,133.18,NONE,3858.70,52691.96,64530,1224.66,74851.54,127,1.70,127864.85,OPT
2025-10-20 19:14:16,minitron-4b,16,65536,8000,14,1024,1,SUCCESS,133.16,NONE,3887.08,52546.73,64530,1228.05,74914.14,127,1.70,127773.31,OPT
2025-10-20 19:18:16,minitron-4b,16,65536,8000,13,2048,0,SUCCESS,113.15,NONE,3897.60,29288.81,64530,2203.23,78327.36,127,1.62,107928.71,OPT
2025-10-20 19:20:10,minitron-4b,16,65536,8000,13,2048,1,SUCCESS,114.14,NONE,3885.59,29542.69,64530,2184.30,78365.94,127,1.62,108217.35,OPT
2025-10-20 19:25:19,minitron-4b,16,65536,12000,22,1024,0,SUCCESS,92.11,NONE,3959.37,40361.18,64530,1598.81,46067.58,127,2.76,86735.06,OPT
2025-10-20 19:26:52,minitron-4b,16,65536,12000,22,1024,1,SUCCESS,93.11,NONE,3843.39,41081.10,64530,1570.80,46144.53,127,2.75,87536.07,OPT
2025-10-20 19:31:21,minitron-4b,16,65536,12000,21,2048,0,SUCCESS,81.11,NONE,3880.08,25210.83,64530,2559.61,49856.61,127,2.55,75378.46,OPT
2025-10-20 19:32:42,minitron-4b,16,65536,12000,21,2048,1,SUCCESS,81.11,NONE,3884.18,25365.49,64530,2544.01,49764.35,127,2.55,75436.54,OPT
2025-10-20 19:35:17,minitron-4b,16,65536,16000,31,1024,0,SUCCESS,43.06,NONE,3929.86,22759.88,64530,2835.25,14090.61,127,9.01,37163.66,OPT
2025-10-20 19:36:00,minitron-4b,16,65536,16000,31,1024,1,SUCCESS,43.06,NONE,3883.26,22809.96,64530,2829.03,14037.57,127,9.05,37155.17,OPT
2025-10-20 19:38:34,minitron-4b,16,65536,16000,30,2048,0,SUCCESS,43.06,NONE,3913.08,19403.25,64530,3325.73,17475.64,127,7.27,37184.57,OPT
2025-10-20 19:39:17,minitron-4b,16,65536,16000,30,2048,1,SUCCESS,43.08,NONE,3898.88,19689.52,64530,3277.38,17522.63,127,7.25,37515.61,OPT
2025-10-20 19:40:38,minitron-4b,16,65536,24000,35,1024,0,SUCCESS,22.02,NONE,4045.55,13233.15,64530,4876.39,2316.93,127,54.81,15862.92,OPT
2025-10-20 19:40:59,minitron-4b,16,65536,24000,35,1024,1,SUCCESS,21.03,NONE,4036.96,13226.57,64530,4878.82,2308.89,127,55.00,15840.06,OPT
2025-10-20 19:42:20,minitron-4b,16,65536,24000,35,2048,0,SUCCESS,21.03,NONE,4150.20,12997.98,64530,4964.62,2308.63,127,55.01,15614.53,OPT
2025-10-20 19:42:41,minitron-4b,16,65536,24000,35,2048,1,SUCCESS,21.03,NONE,4101.24,13000.07,64530,4963.82,2319.89,127,54.74,15635.19,OPT
2025-10-20 19:48:10,minitron-8b,16,65536,2000,0,1024,0,SUCCESS,287.86,NONE,6180.76,124676.68,64530,517.58,154432.18,127,0.82,279411.65,OPT
2025-10-20 19:52:56,minitron-8b,16,65536,2000,0,1024,1,SUCCESS,286.03,NONE,6230.80,123436.46,64530,522.78,153581.52,127,0.83,277330.87,OPT
2025-10-20 20:02:35,minitron-8b,16,65536,3000,2,1024,0,SUCCESS,274.99,NONE,6315.94,119734.08,64530,538.94,146344.44,127,0.87,266381.31,OPT
2025-10-20 20:07:12,minitron-8b,16,65536,3000,2,1024,1,SUCCESS,277.06,NONE,6316.86,121169.99,64530,532.56,146787.70,127,0.87,268267.34,OPT
2025-10-20 20:10:53,minitron-8b,16,65536,3000,1,2048,0,SUCCESS,216.81,NONE,6333.53,56835.62,64530,1135.38,150550.70,127,0.84,207705.47,OPT
2025-10-20 20:14:30,minitron-8b,16,65536,3000,1,2048,1,SUCCESS,216.86,NONE,6322.32,56586.80,64530,1140.37,150826.70,127,0.84,207716.76,OPT
2025-10-20 20:23:42,minitron-8b,16,65536,4000,4,1024,0,SUCCESS,263.03,NONE,6376.21,114783.92,64530,562.19,139483.77,127,0.91,254580.78,OPT
2025-10-20 20:28:04,minitron-8b,16,65536,4000,4,1024,1,SUCCESS,262.01,NONE,6402.16,113969.21,64530,566.21,139323.48,127,0.91,253602.56,OPT
2025-10-20 20:35:14,minitron-8b,16,65536,4000,3,2048,0,SUCCESS,208.82,NONE,6368.16,57147.86,64530,1129.18,142851.84,127,0.89,200305.83,OPT
2025-10-20 20:38:47,minitron-8b,16,65536,4000,3,2048,1,SUCCESS,212.81,NONE,6391.34,60029.18,64530,1074.98,143420.64,127,0.89,203756.14,OPT
2025-10-20 20:43:24,minitron-8b,16,65536,5000,5,1024,0,SUCCESS,256.92,NONE,6408.12,111803.96,64530,577.17,135848.46,127,0.93,247968.46,OPT
2025-10-20 20:47:42,minitron-8b,16,65536,5000,5,1024,1,SUCCESS,258.01,NONE,6344.92,113269.44,64530,569.70,135764.99,127,0.94,249350.12,OPT
2025-10-20 20:51:09,minitron-8b,16,65536,5000,4,2048,0,SUCCESS,202.91,NONE,6360.22,54441.77,64530,1185.30,139595.63,127,0.91,194341.04,OPT
2025-10-20 20:54:32,minitron-8b,16,65536,5000,4,2048,1,SUCCESS,203.86,NONE,6370.73,54951.79,64530,1174.30,139533.11,127,0.91,194791.79,OPT
2025-10-20 21:03:02,minitron-8b,16,65536,6000,7,1024,0,SUCCESS,242.97,NONE,6438.37,105477.90,64530,611.79,128246.68,127,0.99,234029.70,OPT
2025-10-20 21:07:07,minitron-8b,16,65536,6000,7,1024,1,SUCCESS,244.81,NONE,6375.41,108195.33,64530,596.42,127883.53,127,0.99,236392.80,OPT
2025-10-20 21:13:48,minitron-8b,16,65536,6000,6,2048,0,SUCCESS,194.79,NONE,6394.25,54158.21,64530,1191.51,131552.95,127,0.97,186021.66,OPT
2025-10-20 21:17:03,minitron-8b,16,65536,6000,6,2048,1,SUCCESS,194.78,NONE,6458.55,54347.23,64530,1187.37,131481.44,127,0.97,186131.72,OPT
2025-10-20 21:21:09,minitron-8b,16,65536,8000,10,1024,0,SUCCESS,223.82,NONE,6473.67,97593.08,64530,661.21,116692.10,127,1.09,214595.13,OPT
2025-10-20 21:24:54,minitron-8b,16,65536,8000,10,1024,1,SUCCESS,224.97,NONE,6502.63,99011.99,64530,651.74,117229.25,127,1.08,216550.11,OPT
2025-10-20 21:31:08,minitron-8b,16,65536,8000,9,2048,0,SUCCESS,179.7,NONE,6560.75,50468.89,64530,1278.61,120148.41,127,1.06,170928.87,OPT
2025-10-20 21:34:07,minitron-8b,16,65536,8000,9,2048,1,SUCCESS,178.74,NONE,6454.38,49643.01,64530,1299.88,120148.73,127,1.06,170108.37,OPT
2025-10-20 21:37:32,minitron-8b,16,65536,12000,17,1024,0,SUCCESS,180.62,NONE,6692.61,80463.56,64530,801.98,90377.99,127,1.41,171154.60,OPT
2025-10-20 21:40:33,minitron-8b,16,65536,12000,17,1024,1,SUCCESS,180.63,NONE,6685.92,80621.80,64530,800.40,90783.38,127,1.40,171708.30,OPT
2025-10-20 21:47:33,minitron-8b,16,65536,12000,16,2048,0,SUCCESS,147.54,NONE,6614.70,43954.16,64530,1468.12,94045.44,127,1.35,138308.11,OPT
2025-10-20 21:50:01,minitron-8b,16,65536,12000,16,2048,1,SUCCESS,148.57,NONE,6670.56,43842.22,64530,1471.87,95532.72,127,1.33,139678.25,OPT
2025-10-20 21:54:45,minitron-8b,16,65536,16000,23,1024,0,SUCCESS,112.14,NONE,6817.86,64866.23,64530,994.82,37946.21,71,1.87,103120.15,OPT
2025-10-20 21:56:36,minitron-8b,16,65536,16000,23,1024,1,SUCCESS,111.51,NONE,6850.81,63704.89,64530,1012.95,38061.67,71,1.87,102064.35,OPT
2025-10-20 22:01:36,minitron-8b,16,65536,16000,22,2048,0,SUCCESS,73.31,NONE,6829.73,37452.54,64530,1722.98,25864.94,46,1.78,63617.01,OPT
2025-10-20 22:02:49,minitron-8b,16,65536,16000,22,2048,1,SUCCESS,73.26,NONE,6803.55,37756.08,64530,1709.13,25954.92,46,1.77,64001.23,OPT
2025-10-20 22:05:29,minitron-8b,16,65536,24000,37,1024,0,SUCCESS,55.19,NONE,7170.43,29507.33,64530,2186.91,15745.46,127,8.07,45577.63,OPT
2025-10-20 22:06:24,minitron-8b,16,65536,24000,37,1024,1,SUCCESS,55.18,NONE,7112.01,29512.43,64530,2186.54,15743.34,127,8.07,45576.63,OPT
2025-10-20 22:09:50,minitron-8b,16,65536,24000,36,2048,0,SUCCESS,42.13,NONE,7111.75,25546.21,64530,2526.01,7045.49,46,6.53,32897.03,OPT
2025-10-20 22:10:32,minitron-8b,16,65536,24000,36,2048,1,SUCCESS,42.08,NONE,7075.23,25667.75,64530,2514.05,7072.99,46,6.50,33049.44,OPT
2025-10-20 22:12:24,minitron-8b,16,65536,32000,41,1024,0,SUCCESS,32.04,NONE,7462.00,18629.31,64530,3463.90,3244.60,127,39.14,22178.40,OPT
2025-10-20 22:12:56,minitron-8b,16,65536,32000,41,1024,1,SUCCESS,32.03,NONE,7376.63,18629.19,64530,3463.92,3250.88,127,39.07,22184.92,OPT
2025-10-20 22:14:40,minitron-8b,16,65536,32000,41,2048,0,SUCCESS,30.03,NONE,7458.49,18188.99,64530,3547.75,1669.36,65,38.94,20148.78,OPT
2025-10-20 22:15:10,minitron-8b,16,65536,32000,41,2048,1,SUCCESS,30.04,NONE,7434.61,18197.97,64530,3546.00,1669.38,65,38.94,20161.24,OPT
2025-10-20 22:20:12,qwen3-30b,16,65536,1000,0,1024,0,SUCCESS,278.55,NONE,5450.71,120728.20,62930,521.25,150238.97,127,0.85,271196.27,OPT
2025-10-20 22:24:50,qwen3-30b,16,65536,1000,0,1024,1,SUCCESS,278.51,NONE,5428.34,119476.46,62930,526.71,151205.99,127,0.84,270915.13,OPT
2025-10-20 22:29:41,qwen3-30b,16,65536,2000,2,1024,0,SUCCESS,270.41,NONE,5568.12,117768.35,62930,534.35,144608.79,127,0.88,262602.85,OPT
2025-10-20 22:34:12,qwen3-30b,16,65536,2000,2,1024,1,SUCCESS,271.55,NONE,5563.76,117502.86,62930,535.56,145794.35,127,0.87,263523.24,OPT
2025-10-20 22:38:05,qwen3-30b,16,65536,2000,1,2048,0,SUCCESS,229.4,NONE,5569.64,73768.10,62930,853.08,147704.70,127,0.86,221696.00,OPT
2025-10-20 22:41:55,qwen3-30b,16,65536,2000,1,2048,1,SUCCESS,230.43,NONE,5535.81,74266.52,62930,847.35,148068.09,127,0.86,222559.01,OPT
2025-10-20 22:46:36,qwen3-30b,16,65536,3000,4,1024,0,SUCCESS,260.39,NONE,5635.18,113780.79,62930,553.08,138528.79,127,0.92,252534.24,OPT
2025-10-20 22:50:57,qwen3-30b,16,65536,3000,4,1024,1,SUCCESS,261.37,NONE,5669.29,113860.56,62930,552.69,139636.27,127,0.91,253722.09,OPT
2025-10-20 22:58:29,qwen3-30b,16,65536,3000,3,2048,0,SUCCESS,221.18,NONE,5693.67,72196.82,62930,871.65,140842.73,127,0.90,213264.73,OPT
2025-10-20 23:02:11,qwen3-30b,16,65536,3000,3,2048,1,SUCCESS,222.48,NONE,5669.31,72134.53,62930,872.40,142168.26,127,0.89,214527.58,OPT
2025-10-20 23:10:57,qwen3-30b,16,65536,4000,6,1024,0,SUCCESS,249.31,NONE,5786.77,109225.34,62930,576.15,131736.07,127,0.96,241184.10,OPT
2025-10-20 23:15:07,qwen3-30b,16,65536,4000,6,1024,1,SUCCESS,250.32,NONE,5822.37,109668.10,62930,573.82,132367.97,127,0.96,242266.48,OPT
2025-10-20 23:22:22,qwen3-30b,16,65536,4000,5,2048,0,SUCCESS,213.34,NONE,5739.56,70298.28,62930,895.19,134925.40,127,0.94,205449.12,OPT
2025-10-20 23:25:56,qwen3-30b,16,65536,4000,5,2048,1,SUCCESS,214.29,NONE,5717.42,70694.81,62930,890.16,134908.51,127,0.94,205829.92,OPT
2025-10-20 23:33:51,qwen3-30b,16,65536,5000,8,1024,0,SUCCESS,224.26,NONE,5860.84,90868.04,62930,692.54,125195.92,127,1.01,216292.64,OPT
2025-10-20 23:37:35,qwen3-30b,16,65536,5000,8,1024,1,SUCCESS,224.3,NONE,5835.36,90159.83,62930,697.98,125100.35,127,1.02,215487.30,OPT
2025-10-20 23:44:14,qwen3-30b,16,65536,5000,7,2048,0,SUCCESS,195.26,NONE,5828.08,58853.19,62930,1069.27,128285.94,127,0.99,187367.10,OPT
2025-10-20 23:47:30,qwen3-30b,16,65536,5000,7,2048,1,SUCCESS,196.24,NONE,5842.83,60032.16,62930,1048.27,127760.60,127,0.99,188016.16,OPT
2025-10-20 23:55:24,qwen3-30b,16,65536,6000,10,1024,0,SUCCESS,229.28,NONE,6016.23,101615.22,62930,619.30,119456.79,127,1.06,221302.90,OPT
2025-10-20 23:59:00,qwen3-30b,16,65536,6000,10,1024,1,SUCCESS,216.25,NONE,5938.19,87715.96,62930,717.43,119747.73,127,1.06,207689.26,OPT
2025-10-21 00:05:36,qwen3-30b,16,65536,6000,9,2048,0,SUCCESS,191.25,NONE,5921.24,60625.93,62930,1038.00,121884.09,127,1.04,182734.22,OPT
2025-10-21 00:08:47,qwen3-30b,16,65536,6000,9,2048,1,SUCCESS,190.25,NONE,5957.80,59274.82,62930,1061.67,122767.79,127,1.03,182267.79,OPT
2025-10-21 00:15:32,qwen3-30b,16,65536,8000,15,1024,0,SUCCESS,190.25,NONE,6230.02,78125.99,62930,805.49,103731.28,127,1.22,182080.64,OPT
2025-10-21 00:18:45,qwen3-30b,16,65536,8000,15,1024,1,SUCCESS,192.26,NONE,6164.05,78986.59,62930,796.72,104033.43,127,1.22,183247.77,OPT
2025-10-21 00:24:41,qwen3-30b,16,65536,8000,13,2048,0,SUCCESS,173.2,NONE,6145.37,54618.00,62930,1152.18,109791.71,127,1.16,164640.96,OPT
2025-10-21 00:27:33,qwen3-30b,16,65536,8000,13,2048,1,SUCCESS,172.2,NONE,6145.73,54290.76,62930,1159.13,109637.38,127,1.16,164158.70,OPT
2025-10-21 00:30:36,qwen3-30b,16,65536,12000,23,1024,0,SUCCESS,154.18,NONE,6586.77,66155.74,62930,951.24,78544.55,127,1.62,144926.13,OPT
2025-10-21 00:33:10,qwen3-30b,16,65536,12000,23,1024,1,SUCCESS,154.19,NONE,6588.97,65608.63,62930,959.17,79613.62,127,1.60,145447.90,OPT
2025-10-21 00:40:33,qwen3-30b,16,65536,12000,22,2048,0,SUCCESS,139.18,NONE,6566.16,47958.25,62930,1312.18,82426.06,127,1.54,130612.40,OPT
2025-10-21 00:42:54,qwen3-30b,16,65536,12000,22,2048,1,SUCCESS,140.18,NONE,6588.07,48061.00,62930,1309.38,82387.85,127,1.54,130674.76,OPT
2025-10-21 00:47:17,qwen3-30b,16,65536,16000,32,1024,0,SUCCESS,113.15,NONE,7044.25,52142.53,62930,1206.88,51555.66,127,2.46,103926.87,OPT
2025-10-21 00:49:10,qwen3-30b,16,65536,16000,32,1024,1,SUCCESS,113.14,NONE,7114.29,51680.41,62930,1217.68,51482.30,127,2.47,103388.84,OPT
2025-10-21 00:54:53,qwen3-30b,16,65536,16000,31,2048,0,SUCCESS,105.14,NONE,7043.27,40555.97,62930,1551.68,55104.19,127,2.30,95893.68,OPT
2025-10-21 00:56:38,qwen3-30b,16,65536,16000,31,2048,1,SUCCESS,105.12,NONE,7027.27,40304.41,62930,1561.37,54905.90,127,2.31,95439.44,OPT
2025-10-21 01:00:54,qwen3-30b,16,65536,24000,49,1024,0,SUCCESS,39.05,NONE,7884.97,26776.14,62930,2350.23,1813.58,127,70.03,28811.61,OPT
2025-10-21 01:01:33,qwen3-30b,16,65536,24000,49,1024,1,SUCCESS,39.04,NONE,7944.20,26819.64,62930,2346.41,1856.15,127,68.42,28901.69,OPT
2025-10-21 01:05:44,qwen3-30b,16,65536,24000,49,2048,0,SUCCESS,39.04,NONE,7906.33,27175.40,62930,2315.70,1824.43,127,69.61,29233.58,OPT
2025-10-21 01:06:23,qwen3-30b,16,65536,24000,49,2048,1,SUCCESS,39.04,NONE,7844.09,27155.81,62930,2317.37,1811.19,127,70.12,29192.88,OPT
2025-10-21 01:25:57,qwen3-235b,16,65536,2000,0,1024,0,SUCCESS,1018.1,NONE,30560.51,408232.39,62930,154.15,571292.84,127,0.22,979753.73,OPT
2025-10-21 01:43:40,qwen3-235b,16,65536,2000,0,1024,1,SUCCESS,1063.25,NONE,30491.17,456667.96,62930,137.80,568037.00,127,0.22,1024930.11,OPT
2025-10-21 01:58:34,qwen3-235b,16,65536,2000,0,2048,0,SUCCESS,893.7,NONE,30459.83,289454.91,62930,217.41,565612.47,127,0.22,855303.12,OPT
2025-10-21 02:13:33,qwen3-235b,16,65536,2000,0,2048,1,SUCCESS,899.32,NONE,30642.41,295409.55,62930,213.03,564475.77,127,0.22,860111.31,OPT
2025-10-21 02:48:00,qwen3-235b,16,65536,3000,1,1024,0,SUCCESS,993.15,NONE,30708.57,399015.57,62930,157.71,555643.90,127,0.23,954892.96,OPT
2025-10-21 03:04:35,qwen3-235b,16,65536,3000,1,1024,1,SUCCESS,995.19,NONE,30714.96,400629.64,62930,157.08,555994.44,127,0.23,956853.66,OPT
2025-10-21 03:33:19,qwen3-235b,16,65536,3000,1,2048,0,SUCCESS,859.06,NONE,30612.23,259862.45,62930,242.17,560968.72,127,0.23,821058.94,OPT
2025-10-21 03:47:31,qwen3-235b,16,65536,3000,1,2048,1,SUCCESS,851.97,NONE,30239.70,257695.23,62930,244.20,555800.63,127,0.23,813722.79,OPT
2025-10-21 04:05:07,qwen3-235b,16,65536,4000,2,1024,0,SUCCESS,985.11,NONE,30261.31,391314.40,62930,160.82,555329.76,127,0.23,946869.97,OPT
2025-10-21 04:21:44,qwen3-235b,16,65536,4000,2,1024,1,SUCCESS,996.18,NONE,30737.88,398390.67,62930,157.96,558891.51,127,0.23,957509.32,OPT
2025-10-21 04:50:13,qwen3-235b,16,65536,4000,2,2048,0,SUCCESS,850.03,NONE,30830.35,258593.42,62930,243.35,552090.07,127,0.23,810912.68,OPT
2025-10-21 05:04:22,qwen3-235b,16,65536,4000,2,2048,1,SUCCESS,848.97,NONE,30779.29,256238.05,62930,245.59,554134.66,127,0.23,810598.99,OPT
2025-10-21 05:21:56,qwen3-235b,16,65536,5000,3,1024,0,SUCCESS,980.14,NONE,30390.04,395814.40,62930,158.99,545523.79,127,0.23,941566.14,OPT
2025-10-21 05:38:17,qwen3-235b,16,65536,5000,3,1024,1,SUCCESS,981.14,NONE,30229.53,394225.50,62930,159.63,548194.55,127,0.23,942646.40,OPT
2025-10-21 06:06:29,qwen3-235b,16,65536,5000,3,2048,0,SUCCESS,850.01,NONE,30798.36,257617.24,62930,244.28,553462.32,127,0.23,811306.39,OPT
2025-10-21 06:20:26,qwen3-235b,16,65536,5000,3,2048,1,SUCCESS,836.97,NONE,30726.20,256673.92,62930,245.17,540874.92,127,0.23,797774.38,OPT
2025-10-21 06:37:49,qwen3-235b,16,65536,6000,4,1024,0,SUCCESS,968.1,NONE,30890.13,386303.21,62930,162.90,542870.57,127,0.23,929453.31,OPT
2025-10-21 06:53:58,qwen3-235b,16,65536,6000,4,1024,1,SUCCESS,968.14,NONE,30828.84,386977.86,62930,162.62,542677.67,127,0.23,929880.71,OPT
2025-10-21 07:21:58,qwen3-235b,16,65536,6000,4,2048,0,SUCCESS,835.94,NONE,30957.60,253568.92,62930,248.18,542841.20,127,0.23,796635.47,OPT
2025-10-21 07:35:46,qwen3-235b,16,65536,6000,4,2048,1,SUCCESS,827.96,NONE,30908.43,251864.79,62930,249.86,537584.19,127,0.24,789674.11,OPT
2025-10-21 08:08:49,qwen3-235b,16,65536,8000,6,1024,0,SUCCESS,946.01,NONE,30970.90,381970.52,62930,164.75,524374.59,127,0.24,906571.80,OPT
2025-10-21 08:24:42,qwen3-235b,16,65536,8000,6,1024,1,SUCCESS,953.02,NONE,30972.90,381601.10,62930,164.91,531872.42,127,0.24,913699.56,OPT
2025-10-21 08:52:04,qwen3-235b,16,65536,8000,6,2048,0,SUCCESS,818.96,NONE,30953.37,250193.55,62930,251.53,529249.08,127,0.24,779671.11,OPT
2025-10-21 09:05:44,qwen3-235b,16,65536,8000,6,2048,1,SUCCESS,819.99,NONE,31016.99,251508.52,62930,250.21,529135.00,127,0.24,780867.54,OPT
2025-10-21 09:22:24,qwen3-235b,16,65536,12000,10,1024,0,SUCCESS,916.06,NONE,31654.47,371715.70,62930,169.30,504460.87,127,0.25,876402.63,OPT
2025-10-21 09:37:32,qwen3-235b,16,65536,12000,10,1024,1,SUCCESS,907.98,NONE,31313.61,364961.66,62930,172.43,504037.13,127,0.25,869226.37,OPT
2025-10-21 10:17:17,qwen3-235b,16,65536,12000,10,2048,0,SUCCESS,789.84,NONE,31377.09,242674.86,62930,259.32,507264.39,127,0.25,750173.55,OPT
2025-10-21 10:30:22,qwen3-235b,16,65536,12000,10,2048,1,SUCCESS,784.94,NONE,31322.21,244472.44,62930,257.41,500702.02,127,0.25,745399.73,OPT
2025-10-21 11:00:51,qwen3-235b,16,65536,16000,15,1024,0,SUCCESS,877.03,NONE,31651.35,357181.45,62930,176.18,479628.46,127,0.26,837035.91,OPT
2025-10-21 11:15:46,qwen3-235b,16,65536,16000,15,1024,1,SUCCESS,895.03,NONE,31685.83,374247.62,62930,168.15,480699.54,127,0.26,855173.62,OPT
2025-10-21 11:42:40,qwen3-235b,16,65536,16000,14,2048,0,SUCCESS,793.92,NONE,31637.76,271606.27,62930,231.70,482330.52,127,0.26,754162.49,OPT
2025-10-21 11:55:48,qwen3-235b,16,65536,16000,14,2048,1,SUCCESS,787.95,NONE,31573.58,268953.59,62930,233.98,479109.36,127,0.27,748290.97,OPT
2025-10-21 12:53:44,qwen3-235b,16,65536,24000,23,1024,0,SUCCESS,802.92,NONE,32266.19,327617.71,62930,192.08,435062.89,127,0.29,762907.19,OPT
2025-10-21 13:07:38,qwen3-235b,16,65536,24000,23,1024,1,SUCCESS,833.76,NONE,32101.45,361047.28,62930,174.30,432168.38,127,0.29,793450.15,OPT
2025-10-21 13:44:30,qwen3-235b,16,65536,24000,22,2048,0,SUCCESS,723.34,NONE,32041.22,240673.08,62930,261.48,442415.12,127,0.29,683315.02,OPT
2025-10-21 13:56:34,qwen3-235b,16,65536,24000,22,2048,1,SUCCESS,723.79,NONE,31979.71,241335.06,62930,260.76,441711.02,127,0.29,683273.97,OPT
2025-10-21 14:24:47,qwen3-235b,16,65536,32000,32,1024,0,SUCCESS,795.52,NONE,32940.99,372915.77,62930,168.75,381268.25,127,0.33,754407.84,OPT
2025-10-21 14:37:31,qwen3-235b,16,65536,32000,32,1024,1,SUCCESS,764.19,NONE,32749.10,341121.63,62930,184.48,381727.89,127,0.33,723077.68,OPT
2025-10-21 15:11:37,qwen3-235b,16,65536,32000,31,2048,0,SUCCESS,658.58,NONE,32742.63,231922.35,62930,271.34,386018.70,127,0.33,618168.99,OPT
2025-10-21 15:22:36,qwen3-235b,16,65536,32000,31,2048,1,SUCCESS,658.66,NONE,32645.33,232890.69,62930,270.21,385372.52,127,0.33,618486.99,OPT
